overflow 1ms,,,
,over 400us,over 500us,over 1ms
1,0.14636,0.019115,0.002774
2,0.146207,0.020585,0.002774
3,0.149037,0.021737,0.002247
4,0.13966,0.017353,0.002247
5,0.137981,0.020142,0.002455
6,0.135762,0.017783,0.002455
7,0.138841,0.019309,0.002053
8,0.135637,0.018144,0.002053
9,0.13253,0.01555,0.001942
10,0.136871,0.018907,0.001942
11,0.130213,0.014704,0.001387
12,0.133764,0.017381,0.001387
13,0.132349,0.016285,0.001332
14,0.129478,0.014468,0.000999
15,0.134194,0.016577,0.001623
16,0.139077,0.017797,0.001027
17,0.140325,0.017187,0.001401
18,0.137981,0.016563,0.001082
19,0.141962,0.019171,0.001096
20,0.140631,0.017839,0.001124
21,0.152144,0.024428,0.001845
22,0.139576,0.018089,0.00172
23,0.138259,0.016688,0.001512
24,0.1359,0.015356,0.001651
25,0.138772,0.016799,0.001346
26,0.139743,0.017561,0.00738
27,0.13726,0.016618,0.001457
28,0.145638,0.022805,0.001221
29,0.140201,0.017645,0.001235
30,0.141407,0.018768,0.001137
31,0.145167,0.021903,0.001193
32,0.142462,0.019961,0.001054
33,0.141269,0.017797,0.00308
34,0.135734,0.017742,0.001526
35,0.132557,0.015411,0.00129
36,0.136205,0.019018,0.001817
37,0.133722,0.016965,0.002899
38,0.129977,0.014246,0.001554
39,0.13529,0.017631,0.001415
40,0.133889,0.017215,0.001013
41,0.137218,0.018172,0.00111
42,0.137093,0.019767,0.001179
43,0.136816,0.018532,0.000929
44,0.139091,0.019226,0.001429
45,0.137593,0.018158,0.00104
46,0.140034,0.020155,0.000916
47,0.136205,0.017978,0.003343
48,0.139327,0.019101,0.001304
49,0.140963,0.019573,0.001498
50,0.137412,0.018616,0.001151
51,0.136622,0.018671,0.001567
52,0.134291,0.016188,0.001359
53,0.139465,0.018852,0.001803
54,0.139091,0.020197,0.001623
55,0.133875,0.016008,0.001373
56,0.138578,0.018574,0.001762
57,0.135817,0.017048,0.001165
58,0.138148,0.018768,0.001346
59,0.138786,0.018574,0.002414
60,0.139535,0.019226,0.001276
61,0.138605,0.018602,0.001179
62,0.138952,0.018671,0.001137
63,0.137579,0.017492,0.001359
64,0.143044,0.021903,0.001956
65,0.139909,0.020239,0.001332
66,0.132099,0.015148,0.002816
67,0.134208,0.016507,0.001137
68,0.133501,0.015772,0.001609
69,0.134763,0.016022,0.002552
70,0.134707,0.016577,0.001609
71,0.134888,0.017034,0.001207
72,0.138023,0.01838,0.001512
73,0.137343,0.01838,0.001512
74,0.136095,0.017131,0.001248
75,0.137204,0.018532,0.001443
76,0.133695,0.015619,0.001914
77,0.141061,0.020031,0.001054
78,0.141782,0.021321,0.001096
79,0.143211,0.020613,0.001346
80,0.139313,0.019393,0.001887
81,0.143613,0.021584,0.00154
82,0.135762,0.01666,0.001484
83,0.137066,0.017645,0.001512
84,0.136247,0.017201,0.001429
85,0.13339,0.015758,0.002275
86,0.138023,0.017409,0.002081
87,0.132627,0.01512,0.001332
88,0.135304,0.016105,0.001498
89,0.136039,0.01709,0.00147
90,0.136316,0.015952,0.001248
91,0.13898,0.01856,0.001304
92,0.13468,0.014954,0.001443
93,0.139729,0.018949,0.000999
94,0.140866,0.020794,0.001096
95,0.140769,0.019878,0.001498
96,0.134416,0.0158,0.001179
97,0.141324,0.019698,0.00129
98,0.138716,0.018949,0.001262
99,0.137787,0.017617,0.003926
100,0.136011,0.017659,0.001803
101,0.139826,0.019517,0.002275
102,0.133861,0.014815,0.001248
103,0.133459,0.015508,0.001554
104,0.142697,0.015911,0.001193
105,0.148052,0.019476,0.001887
106,0.148704,0.021002,0.001401
107,0.160842,0.030629,0.001137
108,0.149023,0.021598,0.001027
109,0.144681,0.017756,0.002095
110,0.145319,0.018768,0.002233
111,0.147039,0.018422,0.002927
112,0.149952,0.020627,0.010196
113,0.149966,0.018893,0.003343
114,0.147691,0.019725,0.002982
115,0.14912,0.020294,0.002733
116,0.150216,0.021099,0.00258
117,0.146901,0.018865,0.002483
118,0.157831,0.029824,0.002927
119,0.146776,0.019781,0.002969
120,0.151575,0.021043,0.002525
121,0.153753,0.022555,0.002996
122,0.151159,0.021182,0.002649
123,0.151076,0.019295,0.009599
124,0.167722,0.036788,0.002455
125,0.148621,0.020849,0.003218
126,0.149106,0.019878,0.003052
127,0.146831,0.019073,0.003593
128,0.147594,0.018269,0.003468
129,0.153448,0.022597,0.017492
130,0.143016,0.016341,0.002608
131,0.146776,0.017978,0.002858
132,0.143821,0.016771,0.002774
133,0.153379,0.022195,0.002747
134,0.146054,0.019032,0.002816
135,0.168388,0.03805,0.002441
136,0.150216,0.020807,0.00301
137,0.145042,0.016923,0.002455
138,0.161161,0.027466,0.00498
139,0.145527,0.018616,0.002233
140,0.170996,0.037537,0.017478
141,0.156153,0.024844,0.00319
142,0.14973,0.019032,0.002303
143,0.154849,0.023665,0.007713
144,0.151242,0.021751,0.003246
145,0.149162,0.018921,0.014052
146,0.147719,0.018283,0.003315
147,0.154017,0.02207,0.002441
148,0.155986,0.026204,0.003121
149,0.148135,0.018089,0.003496
150,0.1493,0.018865,0.003274
151,0.161105,0.022125,0.00344
152,0.159177,0.02078,0.002317
153,0.148565,0.018588,0.006409
154,0.152283,0.022236,0.00215
155,0.147747,0.020211,0.00233
156,0.146262,0.018782,0.004855
157,0.14998,0.02035,0.002178
158,0.146027,0.017659,0.003232
159,0.149425,0.019684,0.004342
160,0.152144,0.020766,0.003163
161,0.153295,0.022652,0.002899
162,0.154752,0.023346,0.002788
163,0.149661,0.021348,0.002913
164,0.149675,0.020045,0.002386
165,0.156888,0.023138,0.003149
166,0.153448,0.021584,0.002941
167,0.150577,0.019323,0.003315
168,0.149966,0.020849,0.003177
169,0.144418,0.020364,0.003107
170,0.145,0.020752,0.00319
171,0.142781,0.02121,0.003842
172,0.138272,0.017062,0.003357
173,0.138134,0.016951,0.00369
174,0.142156,0.019517,0.003953
175,0.138037,0.016674,0.001678
176,0.140603,0.018574,0.002428
177,0.139368,0.018366,0.001082
178,0.138356,0.017353,0.001373
179,0.141532,0.0201,0.001484
180,0.141172,0.018408,0.001387
181,0.14052,0.018463,0.001581
182,0.142517,0.019476,0.001609
183,0.142129,0.01942,0.001304
184,0.138661,0.017548,0.001623
185,0.152657,0.024511,0.00111
186,0.14156,0.019684,0.001429
187,0.141602,0.019018,0.00129
188,0.13848,0.017353,0.00172
189,0.139327,0.0182,0.001581
190,0.142337,0.019198,0.003426
191,0.136511,0.016396,0.001651
192,0.135221,0.0153,0.00147
193,0.13744,0.016896,0.001457
194,0.143655,0.019642,0.001373
195,0.142628,0.019212,0.001623
196,0.136025,0.015938,0.00129
197,0.138411,0.017353,0.001151
198,0.139812,0.018172,0.001276
199,0.13812,0.016993,0.001512
200,0.140644,0.019198,0.001179
201,0.1407,0.01838,0.001443
202,0.137163,0.016688,0.001346
203,0.138689,0.017062,0.001678
204,0.139757,0.018075,0.001276
205,0.138369,0.016674,0.00147
206,0.139146,0.017881,0.00197
207,0.13468,0.014995,0.001512
208,0.136233,0.016022,0.001581
209,0.141172,0.01967,0.001831
210,0.139868,0.017714,0.001359
211,0.144972,0.020169,0.001235
212,0.136303,0.015938,0.001387
213,0.141518,0.019545,0.001235
214,0.1407,0.018269,0.001401
215,0.138799,0.016618,0.001359
216,0.139923,0.018102,0.001429
217,0.137995,0.016965,0.001526
218,0.141088,0.018782,0.00154
219,0.143391,0.020031,0.001304
220,0.143668,0.020142,0.000999
221,0.140103,0.01863,0.000999
222,0.141449,0.019004,0.001124
223,0.141269,0.019309,0.001235
224,0.136483,0.016063,0.001637
225,0.137426,0.017381,0.00111
226,0.141713,0.018879,0.001637
227,0.13984,0.017686,0.001151
228,0.137939,0.017048,0.002469
229,0.139604,0.017797,0.001567
230,0.137246,0.016216,0.001401
231,0.14131,0.017783,0.001415
232,0.144251,0.020516,0.001567
233,0.140811,0.018727,0.002108
234,0.135706,0.015356,0.001692
235,0.140561,0.018338,0.001193
236,0.136746,0.015814,0.00129
237,0.138148,0.016868,0.001595
238,0.144501,0.020794,0.001318
239,0.138342,0.017242,0.000777
240,0.141504,0.018574,0.001859
241,0.139382,0.017991,0.001276
242,0.139035,0.01752,0.001457
243,0.138397,0.016743,0.00147
244,0.139743,0.018144,0.001193
245,0.144653,0.021154,0.001332
246,0.140561,0.018713,0.001318
247,0.142226,0.018311,0.001665
248,0.139632,0.016701,0.001387
249,0.139299,0.016369,0.002247
250,0.137024,0.015078,0.002011
251,0.141463,0.018532,0.001665
252,0.142531,0.018921,0.001498
253,0.138883,0.015717,0.001221
254,0.148676,0.021626,0.001193
255,0.144626,0.018408,0.001068
256,0.143502,0.019198,0.001359
257,0.14002,0.01659,0.001803
258,0.147774,0.021404,0.000943
259,0.142004,0.017478,0.001942
260,0.147941,0.021584,0.001124
261,0.138605,0.015384,0.002178
262,0.142586,0.018186,0.001484
263,0.144307,0.019254,0.00154
264,0.144265,0.019087,0.001887
265,0.14267,0.018005,0.001956
266,0.15059,0.023027,0.001678
267,0.142767,0.018338,0.001651
268,0.145624,0.020114,0.001443
269,0.143294,0.018505,0.00147
270,0.143766,0.018574,0.001512
271,0.141948,0.017797,0.002095
272,0.143974,0.01881,0.001359
273,0.142351,0.017437,0.001221
274,0.141726,0.017714,0.001748
275,0.143585,0.018435,0.001235
276,0.145555,0.020197,0.001332
277,0.144958,0.019129,0.001373
278,0.145638,0.019517,0.001498
279,0.141976,0.017631,0.001013
280,0.143655,0.018422,0.002081
281,0.14095,0.016022,0.001831
282,0.142101,0.017076,0.001387
283,0.142448,0.01838,0.001221
284,0.143724,0.018366,0.001567
285,0.143627,0.018935,0.00129
286,0.14328,0.018283,0.001276
287,0.142545,0.017964,0.001637
288,0.145499,0.019462,0.00154
289,0.143668,0.018477,0.001637
290,0.140825,0.016535,0.001526
291,0.145846,0.019018,0.001304
292,0.144709,0.018491,0.001831
293,0.141296,0.016923,0.001248
294,0.142323,0.017131,0.001637
295,0.144598,0.019004,0.001595
296,0.141837,0.016729,0.001789
297,0.14138,0.016882,0.001984
298,0.140769,0.017007,0.001318
299,0.145125,0.019129,0.002539
300,0.142614,0.018047,0.001567
301,0.138564,0.01537,0.001484
302,0.147816,0.020669,0.001554
303,0.143613,0.018033,0.00129
304,0.147927,0.021515,0.001137
305,0.145028,0.018852,0.001512
306,0.140672,0.016549,0.00147
307,0.138272,0.014843,0.001554
308,0.144057,0.018643,0.001595
309,0.141782,0.016549,0.002025
310,0.139243,0.015148,0.001554
311,0.142309,0.017991,0.001013
312,0.14475,0.018699,0.000888
313,0.144764,0.019767,0.001207
314,0.145097,0.019018,0.00129
315,0.147455,0.020211,0.001207
316,0.144265,0.019032,0.001484
317,0.143127,0.017464,0.001429
318,0.144265,0.018435,0.00308
319,0.144528,0.019143,0.001304
320,0.142656,0.01795,0.001276
321,0.143155,0.017991,0.001262
322,0.141199,0.016299,0.001235
323,0.140325,0.015314,0.001276
324,0.143696,0.018435,0.001887
325,0.144154,0.018519,0.001248
326,0.144903,0.017853,0.000874
327,0.145832,0.019295,0.000874
328,0.145985,0.020294,0.000902
329,0.144806,0.018532,0.001082
330,0.143599,0.018338,0.00111
331,0.147039,0.020072,0.000666
332,0.146387,0.019795,0.00104
333,0.140672,0.015828,0.001346
334,0.14568,0.019365,0.001124
335,0.141005,0.0158,0.001332
336,0.140617,0.016244,0.001262
337,0.136941,0.013608,0.002206
338,0.144112,0.017326,0.001013
339,0.141893,0.016868,0.001193
340,0.138675,0.014801,0.00154
341,0.146817,0.019656,0.000791
342,0.144085,0.018089,0.000624
343,0.144958,0.018893,0.001207
344,0.142198,0.017353,0.000818
345,0.145264,0.01813,0.000721
346,0.155501,0.026259,0.001235
347,0.146845,0.01949,0.000791
348,0.142822,0.016369,0.001221
349,0.147414,0.019517,0.001276
350,0.145375,0.018408,0.000805
351,0.147788,0.020253,0.003884
352,0.149536,0.020544,0.001332
353,0.14887,0.01967,0.001359
354,0.143946,0.017159,0.001332
355,0.14568,0.018116,0.001027
356,0.142864,0.016951,0.001609
357,0.141671,0.016396,0.001151
358,0.145167,0.017853,0.002469
359,0.146803,0.019101,0.000957
360,0.145943,0.018213,0.000916
361,0.144307,0.016965,0.000943
362,0.14303,0.017062,0.001027
363,0.144598,0.017659,0.001165
364,0.147691,0.019184,0.001387
365,0.147442,0.019601,0.001054
366,0.146124,0.01906,0.00068
367,0.14844,0.019531,0.001137
368,0.142434,0.016452,0.001096
369,0.139646,0.014648,0.001027
370,0.147636,0.018893,0.002969
371,0.141005,0.014565,0.001318
372,0.146956,0.018213,0.001346
373,0.144903,0.017104,0.001498
374,0.149508,0.020128,0.00129
375,0.145028,0.018089,0.001137
376,0.142531,0.01444,0.001165
377,0.149134,0.019309,0.001068
378,0.147358,0.018422,0.001359
379,0.14568,0.017229,0.001887
380,0.149051,0.019379,0.001831
381,0.143752,0.016757,0.001082
382,0.145694,0.017686,0.001221
383,0.148607,0.018574,0.001678
384,0.152685,0.022208,0.000957
385,0.145902,0.017215,0.001235
386,0.143696,0.016258,0.000707
387,0.148801,0.018949,0.000971
388,0.148024,0.019087,0.001068
389,0.146498,0.016965,0.002525
390,0.15084,0.01949,0.001137
391,0.146526,0.017381,0.00111
392,0.150063,0.018865,0.001068
393,0.148648,0.017867,0.000846
394,0.154433,0.02121,0.001692
395,0.156167,0.023041,0.001359
396,0.148732,0.018324,0.00129
397,0.148329,0.017561,0.00129
398,0.152949,0.019823,0.001346
399,0.147622,0.017312,0.002136
400,0.156028,0.02293,0.002247
401,0.148024,0.016507,0.000999
402,0.147497,0.017617,0.001124
403,0.152366,0.020045,0.001124
404,0.147761,0.017672,0.001165
405,0.149106,0.019171,0.001124
406,0.15016,0.018643,0.000943
407,0.146859,0.017256,0.001027
408,0.149703,0.018921,0.001054
409,0.149952,0.018241,0.001346
410,0.150729,0.019587,0.001429
411,0.149495,0.018546,0.001304
412,0.146762,0.016812,0.001235
413,0.148745,0.016965,0.00154
414,0.150812,0.019656,0.001068
415,0.150951,0.020058,0.001554
416,0.155737,0.021335,0.001401
417,0.153254,0.021404,0.000888
418,0.150313,0.01924,0.001179
419,0.148912,0.017631,0.001443
420,0.15023,0.01967,0.001803
421,0.150729,0.019476,0.001665
422,0.151215,0.01967,0.001318
423,0.150299,0.018505,0.001387
424,0.149855,0.018907,0.001068
425,0.153337,0.020655,0.001706
426,0.150271,0.019129,0.001124
427,0.147039,0.017048,0.001484
428,0.149342,0.017936,0.00129
429,0.151783,0.019642,0.001151
430,0.150327,0.019614,0.001346
431,0.148399,0.017451,0.001346
432,0.152352,0.020128,0.001054
433,0.149467,0.018907,0.001512
434,0.148981,0.017825,0.001346
435,0.148551,0.016923,0.001373
436,0.154752,0.020738,0.001054
437,0.157415,0.022375,0.00154
438,0.148565,0.016202,0.00129
439,0.150424,0.018865,0.002733
440,0.154142,0.020835,0.000916
441,0.150521,0.018394,0.001387
442,0.154641,0.020447,0.003107
443,0.15109,0.01899,0.001332
444,0.149703,0.017645,0.001429
445,0.150937,0.018963,0.001526
446,0.150466,0.019004,0.001484
447,0.15102,0.019517,0.001304
448,0.153656,0.019379,0.000985
449,0.156985,0.022444,0.001068
450,0.150812,0.01942,0.001526
451,0.150299,0.018033,0.001262
452,0.15213,0.018019,0.002178
453,0.154655,0.020433,0.001457
454,0.155196,0.020599,0.001942
455,0.149619,0.017423,0.001373
456,0.153892,0.019573,0.001151
457,0.155917,0.021029,0.001346
458,0.153573,0.019642,0.003412
459,0.154183,0.020766,0.001609
460,0.153309,0.019975,0.001262
461,0.157096,0.021889,0.001193
462,0.155459,0.020835,0.001443
463,0.153143,0.019129,0.001637
464,0.153628,0.018949,0.001443
465,0.157707,0.022014,0.0019
466,0.15435,0.019961,0.001803
467,0.152588,0.018463,0.001595
468,0.159968,0.022944,0.001165
469,0.154419,0.019337,0.001359
470,0.154724,0.019684,0.00147
471,0.152671,0.018893,0.001013
472,0.156541,0.021432,0.000957
473,0.149286,0.016812,0.001457
474,0.153184,0.019295,0.002095
475,0.15256,0.018227,0.001457
476,0.156125,0.020475,0.001068
477,0.155113,0.020017,0.00308
478,0.159343,0.022791,0.001373
479,0.154988,0.020308,0.001415
480,0.152408,0.017797,0.001484
481,0.150105,0.016632,0.001359
482,0.151839,0.017229,0.001248
483,0.154766,0.020114,0.001401
484,0.156944,0.021293,0.002039
485,0.162992,0.024081,0.00129
486,0.153892,0.018935,0.001332
487,0.156833,0.020322,0.001235
488,0.156208,0.020918,0.001151
489,0.152907,0.018269,0.001387
490,0.153046,0.018366,0.00172
491,0.153212,0.017881,0.001068
492,0.151825,0.017936,0.001165
493,0.157928,0.021293,0.001651
494,0.154405,0.018532,0.001193
495,0.159551,0.022389,0.001401
496,0.156555,0.020086,0.001096
497,0.151922,0.018324,0.001318
498,0.155973,0.020308,0.001429
499,0.15779,0.020863,0.00129
500,0.156236,0.020905,0.00154
501,0.156652,0.019406,0.001567
502,0.154169,0.019143,0.001484
503,0.155473,0.019517,0.001637
504,0.159108,0.022014,0.001581
505,0.154585,0.019975,0.002053
506,0.152851,0.017367,0.001165
507,0.159316,0.021876,0.001262
508,0.149675,0.016715,0.001346
509,0.157249,0.020585,0.001678
510,0.164434,0.025413,0.00154
511,0.158275,0.021584,0.001332
512,0.157582,0.020877,0.001845
513,0.158775,0.021765,0.001318
514,0.158997,0.021265,0.001221
515,0.156319,0.020613,0.001332
516,0.15944,0.022333,0.001567
517,0.155584,0.019878,0.00215
518,0.155806,0.019323,0.001304
519,0.153323,0.018269,0.001193
520,0.154322,0.01924,0.001346
521,0.160661,0.022528,0.001248
522,0.158026,0.021973,0.001554
523,0.155862,0.018643,0.001054
524,0.157401,0.020183,0.001137
525,0.157263,0.020017,0.001359
526,0.160231,0.022056,0.001692
527,0.158913,0.020766,0.001262
528,0.157637,0.020932,0.001027
529,0.151728,0.017381,0.001415
530,0.156638,0.02071,0.001151
531,0.156971,0.020155,0.001554
532,0.155321,0.019517,0.001415
533,0.158705,0.021126,0.001942
534,0.156625,0.020364,0.001193
535,0.154211,0.017839,0.001429
536,0.163352,0.024164,0.001318
537,0.163352,0.02465,0.001304
538,0.153822,0.01856,0.000957
539,0.160675,0.022236,0.001165
540,0.156944,0.020696,0.001207
541,0.155626,0.019212,0.001262
542,0.157429,0.020932,0.001124
543,0.156708,0.020086,0.001179
544,0.160356,0.020918,0.001595
545,0.157457,0.019934,0.001526
546,0.161438,0.022569,0.001054
547,0.156236,0.01924,0.001831
548,0.160453,0.022458,0.001165
549,0.157179,0.020613,0.001692
550,0.159094,0.021792,0.000929
551,0.156333,0.019545,0.00111
552,0.154336,0.018865,0.001221
553,0.159968,0.02243,0.00111
554,0.157124,0.020433,0.001207
555,0.157956,0.021667,0.001193
556,0.15736,0.020932,0.000846
557,0.157304,0.020336,0.001387
558,0.157277,0.020918,0.001248
559,0.153032,0.018352,0.001526
560,0.153809,0.019115,0.001581
561,0.153781,0.018435,0.001873
562,0.155917,0.020475,0.001318
563,0.158733,0.021973,0.001498
564,0.158789,0.02268,0.001567
565,0.157942,0.021099,0.001137
566,0.156153,0.020821,0.001373
567,0.156458,0.019781,0.001984
568,0.157346,0.02071,0.002136
569,0.156472,0.020058,0.001609
570,0.152671,0.019018,0.001179
571,0.155376,0.02071,0.000971
572,0.152962,0.018227,0.00086
573,0.157249,0.020891,0.001512
574,0.154641,0.019046,0.00111
575,0.157041,0.020752,0.00111
576,0.155959,0.019934,0.001914
577,0.157845,0.021723,0.001221
578,0.155085,0.019309,0.001235
579,0.156625,0.020932,0.001054
580,0.160481,0.023249,0.001387
581,0.157457,0.019975,0.001096
582,0.161119,0.022791,0.001151
583,0.158442,0.020669,0.001304
584,0.15668,0.019198,0.001692
585,0.157859,0.019531,0.001692
586,0.156264,0.019004,0.001221
587,0.156985,0.018782,0.001706
588,0.159704,0.021182,0.001207
589,0.15625,0.018311,0.001984
590,0.15238,0.016951,0.001013
591,0.161591,0.022028,0.000999
592,0.157207,0.019309,0.001124
593,0.157748,0.020419,0.001346
594,0.158858,0.020946,0.000902
595,0.158761,0.019504,0.001512
596,0.158511,0.020155,0.001207
597,0.156541,0.019365,0.001346
598,0.160259,0.022014,0.001637
599,0.159302,0.020391,0.00154
600,0.157277,0.019892,0.001332
601,0.155667,0.018685,0.001318
602,0.163588,0.023762,0.001276
603,0.157277,0.020377,0.001124
604,0.158497,0.020627,0.001151
605,0.160398,0.021543,0.001443
606,0.159316,0.021002,0.001124
607,0.15686,0.018963,0.001318
608,0.160356,0.021224,0.001914
609,0.157956,0.019725,0.001193
610,0.158622,0.019809,0.001942
611,0.15994,0.020294,0.001512
612,0.15858,0.019795,0.001401
613,0.160384,0.020877,0.001151
614,0.160037,0.021029,0.00147
615,0.157748,0.018061,0.001706
616,0.16062,0.020308,0.001789
617,0.164767,0.023415,0.001318
618,0.158913,0.020322,0.001165
619,0.163963,0.02286,0.000957
620,0.156916,0.018033,0.00104
621,0.16234,0.022417,0.001235
622,0.158775,0.019934,0.001734
623,0.15736,0.019559,0.001332
624,0.162354,0.022111,0.0019
625,0.16467,0.023429,0.000999
626,0.160162,0.020683,0.001415
627,0.161868,0.021876,0.001165
628,0.158955,0.019545,0.000999
629,0.158636,0.019656,0.001346
630,0.157582,0.019712,0.001262
631,0.158317,0.019628,0.00172
632,0.159163,0.019809,0.001415
633,0.158039,0.019379,0.000943
634,0.164323,0.02372,0.001637
635,0.157193,0.018616,0.001359
636,0.15883,0.019725,0.000999
637,0.15797,0.019878,0.00129
638,0.163366,0.021598,0.001082
639,0.16191,0.02139,0.001429
640,0.15994,0.020364,0.000721
641,0.160786,0.020891,0.001082
642,0.16105,0.01992,0.001082
643,0.160301,0.020239,0.001207
644,0.162021,0.021057,0.000916
645,0.160231,0.020558,0.001692
646,0.166834,0.02422,0.001789
647,0.163269,0.021473,0.001401
648,0.159898,0.020072,0.001262
649,0.157318,0.017881,0.001567
650,0.164337,0.022,0.001873
651,0.165003,0.022638,0.00215
652,0.163976,0.022222,0.001998
653,0.162201,0.021432,0.001484
654,0.160467,0.019351,0.001082
655,0.16184,0.021404,0.001401
656,0.160384,0.019184,0.001443
657,0.158969,0.01942,0.001179
658,0.161549,0.021057,0.001581
659,0.162728,0.02114,0.001027
660,0.159538,0.020142,0.000985
661,0.167292,0.022666,0.001248
662,0.16983,0.024206,0.001248
663,0.165988,0.020544,0.001207
664,0.170288,0.023055,0.001346
665,0.161341,0.018255,0.001581
666,0.172161,0.024969,0.001748
667,0.166945,0.021362,0.001859
668,0.17223,0.025135,0.00172
669,0.170288,0.023304,0.001748
670,0.164781,0.020045,0.001457
671,0.17696,0.025704,0.00215
672,0.176752,0.023873,0.00197
673,0.173964,0.021792,0.001706
674,0.175379,0.023124,0.001623
675,0.171023,0.02028,0.001248
676,0.176752,0.023679,0.001401
677,0.181233,0.027882,0.001221
678,0.173007,0.021376,0.001609
679,0.177279,0.023582,0.001248
680,0.17954,0.026259,0.001484
681,0.173548,0.021778,0.001359
682,0.173562,0.020669,0.002469
683,0.177973,0.023332,0.001373
684,0.175213,0.021335,0.001373
685,0.174283,0.021251,0.00326
686,0.172313,0.019129,0.001332
687,0.181871,0.026772,0.001332
688,0.178195,0.023582,0.001484
689,0.18115,0.024567,0.001554
690,0.176253,0.021834,0.001554
691,0.177376,0.022583,0.00129
692,0.172646,0.020558,0.002691
693,0.183286,0.025552,0.001748
694,0.181538,0.023734,0.001637
695,0.178445,0.022458,0.001762
696,0.184076,0.024747,0.001373
697,0.180636,0.023804,0.001692
698,0.183369,0.024622,0.002178
699,0.183605,0.02336,0.001304
700,0.175989,0.021293,0.001984
701,0.180886,0.022874,0.001651
702,0.181205,0.024317,0.001609
703,0.18029,0.023499,0.00147
704,0.189459,0.029255,0.001248
705,0.182093,0.024317,0.00147
706,0.180276,0.023596,0.001526
707,0.184881,0.026523,0.001678
708,0.176572,0.022264,0.001637
709,0.18452,0.025274,0.002996
710,0.184715,0.025635,0.001651
711,0.177765,0.021085,0.00172
712,0.178805,0.022777,0.001873
713,0.182856,0.024789,0.00197
714,0.178389,0.021792,0.0019
715,0.180692,0.022805,0.001845
716,0.185866,0.026093,0.001526
717,0.180206,0.023707,0.002011
718,0.181788,0.023942,0.001484
719,0.180733,0.022569,0.001262
720,0.182939,0.024053,0.001665
721,0.179624,0.023152,0.001387
722,0.181441,0.02361,0.001595
723,0.181496,0.023485,0.001151
724,0.180192,0.023554,0.001734
725,0.176433,0.021418,0.001318
726,0.18545,0.027618,0.001651
727,0.176905,0.021487,0.001637
728,0.181247,0.02397,0.001609
729,0.179013,0.023207,0.001748
730,0.177807,0.021071,0.001359
731,0.185755,0.026786,0.001845
732,0.177279,0.020752,0.001873
733,0.175864,0.020585,0.001359
734,0.175199,0.021057,0.001387
735,0.18237,0.023998,0.001609
736,0.185325,0.024969,0.001845
737,0.178888,0.020821,0.001512
738,0.185283,0.025538,0.001401
739,0.182107,0.02268,0.002039
740,0.179457,0.022375,0.001651
741,0.17739,0.020433,0.00129
742,0.19104,0.030282,0.001457
743,0.177598,0.020017,0.001651
744,0.180581,0.022819,0.001207
745,0.180609,0.022999,0.001484
746,0.177141,0.020419,0.00154
747,0.180553,0.022292,0.002663
748,0.173479,0.01795,0.001734
749,0.180511,0.022236,0.001512
750,0.186546,0.02594,0.001845
751,0.181829,0.022888,0.001207
752,0.181219,0.023707,0.001387
753,0.183522,0.024428,0.001096
754,0.179721,0.02268,0.001595
755,0.18201,0.022264,0.001457
756,0.181205,0.023027,0.001262
757,0.183175,0.024012,0.002233
758,0.185977,0.026925,0.001706
759,0.180234,0.022292,0.001623
760,0.178667,0.020585,0.001484
761,0.185672,0.025552,0.001817
762,0.183771,0.023693,0.001512
763,0.17825,0.021335,0.002344
764,0.192677,0.03024,0.001457
765,0.179194,0.020405,0.001567
766,0.178292,0.021335,0.001359
767,0.18416,0.024497,0.002649
768,0.17911,0.021848,0.001429
769,0.202373,0.038341,0.001387
770,0.180456,0.022098,0.001262
771,0.181746,0.022319,0.001373
772,0.183411,0.022999,0.001637
773,0.188363,0.027272,0.00154
774,0.189348,0.026495,0.008434
775,0.186532,0.024497,0.001359
776,0.188349,0.025843,0.001165
777,0.185283,0.023471,0.00197
778,0.188557,0.025135,0.002483
779,0.186684,0.024581,0.002067
780,0.182218,0.02121,0.001443
781,0.185741,0.023027,0.002081
782,0.181746,0.022292,0.001346
783,0.182093,0.02207,0.001637
784,0.193093,0.028007,0.001748
785,0.189847,0.026273,0.001235
786,0.190402,0.02791,0.001484
787,0.190541,0.027438,0.001748
788,0.187461,0.025746,0.001415
789,0.185242,0.02361,0.002095
790,0.192067,0.028964,0.003218
791,0.184756,0.023762,0.002525
792,0.187156,0.025746,0.002136
793,0.187295,0.024872,0.002289
794,0.195493,0.030615,0.002275
795,0.189972,0.027161,0.002622
796,0.186102,0.023762,0.002247
797,0.182287,0.02114,0.002178
798,0.197213,0.031724,0.001998
799,0.183327,0.021945,0.003773
800,0.185949,0.02379,0.001914
801,0.192829,0.027591,0.001623
802,0.18323,0.022028,0.001609
803,0.189778,0.025496,0.00308
804,0.186518,0.023929,0.001429
805,0.186934,0.024691,0.001526
806,0.18133,0.021459,0.001789
807,0.190333,0.026301,0.001706
808,0.187669,0.024802,0.001887
809,0.187211,0.024511,0.001706
810,0.19,0.026828,0.001651
811,0.185533,0.02354,0.001221
812,0.186546,0.024483,0.001526
813,0.19369,0.028201,0.001762
814,0.191803,0.027258,0.001498
815,0.191623,0.027799,0.0019
816,0.188571,0.025552,0.001346
817,0.196519,0.030282,0.001567
818,0.189944,0.026703,0.001512
819,0.193579,0.027826,0.001984
820,0.191262,0.026744,0.002539
821,0.187711,0.024137,0.001554
822,0.191068,0.026661,0.002497
823,0.184923,0.022361,0.002233
824,0.192927,0.028354,0.002178
825,0.190929,0.026176,0.001789
826,0.194799,0.029075,0.00172
827,0.198073,0.032695,0.001831
828,0.198475,0.031045,0.001567
829,0.189445,0.025954,0.002053
830,0.190943,0.027313,0.002719
831,0.193093,0.027785,0.001887
832,0.192913,0.027979,0.004023
833,0.197532,0.031877,0.00258
834,0.194716,0.029047,0.002233
835,0.189805,0.026037,0.002428
836,0.191817,0.026925,0.001803
837,0.203067,0.032349,0.002677
838,0.190749,0.026398,0.0043
839,0.187059,0.023901,0.002081
840,0.189195,0.02508,0.001678
841,0.19,0.026162,0.002053
842,0.189306,0.022999,0.00276
843,0.191179,0.024414,0.001776
844,0.193967,0.026301,0.001734
845,0.195049,0.026994,0.001928
846,0.196949,0.028728,0.001803
847,0.190901,0.024053,0.00154
848,0.192566,0.02594,0.001956
849,0.196547,0.028562,0.002122
850,0.193301,0.026689,0.002289
851,0.188099,0.024012,0.002566
852,0.191068,0.024678,0.001665
853,0.193412,0.025454,0.001928
854,0.19369,0.025219,0.001887
855,0.195853,0.027646,0.001512
856,0.19774,0.029325,0.00172
857,0.190402,0.023873,0.001623
858,0.195312,0.027313,0.001665
859,0.194064,0.025454,0.001443
860,0.19233,0.02594,0.00147
861,0.194896,0.027008,0.002871
862,0.194966,0.026911,0.002039
863,0.190652,0.023707,0.0019
864,0.195382,0.026592,0.001526
865,0.191456,0.023637,0.002067
866,0.190555,0.022625,0.001831
867,0.195507,0.025857,0.001831
868,0.186879,0.020905,0.00154
869,0.192011,0.024345,0.001817
870,0.193121,0.023956,0.001457
871,0.191664,0.023374,0.001346
872,0.191886,0.023804,0.001623
873,0.188821,0.021612,0.001498
874,0.195077,0.026467,0.001803
875,0.191317,0.024248,0.001401
876,0.194688,0.02662,0.001415
877,0.195645,0.026314,0.00104
878,0.195826,0.02705,0.001332
879,0.192205,0.024608,0.001789
880,0.19369,0.02551,0.0019
881,0.193065,0.024483,0.001928
882,0.195021,0.025191,0.00147
883,0.187211,0.021099,0.002206
884,0.191692,0.024192,0.001734
885,0.198475,0.029616,0.001762
886,0.191609,0.023734,0.001332
887,0.194244,0.025038,0.001665
888,0.195243,0.026134,0.001318
889,0.196797,0.026425,0.001609
890,0.191956,0.02329,0.003315
891,0.195548,0.026342,0.001235
892,0.197213,0.026855,0.001692
893,0.200695,0.02784,0.001512
894,0.2034,0.028048,0.001678
895,0.198004,0.024705,0.001387
896,0.200889,0.026245,0.001734
897,0.198239,0.027202,0.00233
898,0.198794,0.027133,0.002414
899,0.199613,0.028409,0.001581
900,0.197227,0.02533,0.001776
901,0.197352,0.025219,0.001623
902,0.19387,0.024137,0.002233
903,0.198337,0.026509,0.001748
904,0.203303,0.029685,0.002275
905,0.20007,0.027396,0.001803
906,0.204953,0.029255,0.001651
907,0.196214,0.025246,0.001887
908,0.199987,0.02698,0.00154
909,0.197726,0.026398,0.002122
910,0.199252,0.025926,0.001942
911,0.197546,0.026217,0.002552
912,0.199599,0.026814,0.0019
913,0.200126,0.02655,0.003301
914,0.195923,0.023693,0.001665
915,0.19878,0.02612,0.001678
916,0.197934,0.025357,0.002358
917,0.20573,0.030212,0.001554
918,0.199599,0.027327,0.001748
919,0.206493,0.032265,0.001665
920,0.201707,0.027355,0.002497
921,0.197851,0.025607,0.001734
922,0.198073,0.025316,0.001651
923,0.199738,0.026009,0.002275
924,0.202304,0.027674,0.0048
925,0.208643,0.032238,0.002192
926,0.199238,0.025427,0.001928
927,0.194078,0.022819,0.0019
928,0.201333,0.026495,0.002164
929,0.201416,0.026384,0.001984
930,0.202567,0.027854,0.003038
931,0.196797,0.024109,0.002039
932,0.201374,0.027771,0.001873
933,0.203039,0.029394,0.00147
934,0.203594,0.027813,0.001956
935,0.207644,0.032473,0.002011
936,0.205702,0.031683,0.001609
937,0.205952,0.030906,0.002247
938,0.200611,0.026065,0.002802
939,0.199571,0.025718,0.001665
940,0.200722,0.026342,0.003829
941,0.199432,0.026675,0.004148
942,0.207478,0.031031,0.003426
943,0.202012,0.027272,0.001651
944,0.198891,0.024913,0.00233
945,0.202054,0.02723,0.002206
946,0.20702,0.030698,0.00172
947,0.201125,0.026287,0.0019
948,0.201152,0.026536,0.001776
949,0.199793,0.025676,0.002317
950,0.206174,0.029422,0.001998
951,0.211431,0.033999,0.003704
952,0.200209,0.025607,0.001651
953,0.208837,0.031225,0.001776
954,0.20469,0.027937,0.001887
955,0.203192,0.027466,0.002289
956,0.195923,0.022611,0.003371
957,0.201985,0.026897,0.002039
958,0.202609,0.02655,0.003634
959,0.20383,0.028035,0.0024
960,0.21741,0.038785,0.001609
961,0.194203,0.024053,0.001415
962,0.201347,0.027729,0.001512
963,0.198628,0.024553,0.001956
964,0.193107,0.022,0.002011
965,0.19792,0.024733,0.008739
966,0.199183,0.026079,0.001359
967,0.276073,0.092676,0.001956
968,0.206909,0.030171,0.001637
969,0.21243,0.035178,0.001748
970,0.194452,0.023956,0.001734
971,0.198198,0.024983,0.001748
972,0.195049,0.023401,0.034679
973,0.197352,0.02551,0.002344
974,0.195326,0.023859,0.006201
975,0.194508,0.023596,0.001595
976,0.197088,0.024983,0.001554
977,0.197019,0.025732,0.001581
978,0.196658,0.025066,0.001165
979,0.197407,0.025246,0.001595
980,0.193273,0.023762,0.001789
981,0.202443,0.029463,0.001235
982,0.197102,0.024872,0.001567
983,0.204926,0.031572,0.001457
984,0.28982,0.091442,0.001928
985,0.198004,0.025607,0.001873
986,0.20075,0.027313,0.003107
987,0.1967,0.024151,0.002192
988,0.200487,0.028853,0.003815
989,0.195909,0.025357,0.020738
990,0.200639,0.027341,0.00172
991,0.200015,0.027161,0.00197
992,0.211196,0.034776,0.001512
993,0.19792,0.025441,0.002816
994,0.197046,0.025468,0.002122
995,0.205647,0.030948,0.001318
996,0.20813,0.031835,0.001859
997,0.200917,0.028853,0.003856
998,0.197366,0.02526,0.002192
999,0.195479,0.024525,0.001984
1000,0.195715,0.023929,0.002982
1001,0.193731,0.023471,0.004536
1002,0.197518,0.025427,0.002289
1003,0.199266,0.026536,0.001581
1004,0.198669,0.026467,0.001873
1005,0.200223,0.027646,0.001332
1006,0.203261,0.028506,0.001554
1007,0.198891,0.026273,0.001137
1008,0.200681,0.028243,0.001914
1009,0.20125,0.02705,0.001789
1010,0.214303,0.036344,0.002108
1011,0.199613,0.026814,0.002747
1012,0.201277,0.027924,0.001401
1013,0.201707,0.028298,0.002219
1014,0.202123,0.027743,0.002414
1015,0.198669,0.026328,0.005368
1016,0.202553,0.029033,0.001706
1017,0.202221,0.027161,0.001859
1018,0.196297,0.024414,0.001609
1019,0.199197,0.026606,0.00154
1020,0.197643,0.024483,0.001359
1021,0.199627,0.025815,0.001665
1022,0.200695,0.025427,0.001623
1023,0.202775,0.028506,0.0019
1024,0.199474,0.026009,0.001498
1025,0.201263,0.026814,0.001928
1026,0.203108,0.02963,0.001581
1027,0.200306,0.025871,0.00129
1028,0.198392,0.025274,0.001956
1029,0.194758,0.023568,0.001748
1030,0.207159,0.032265,0.001956
1031,0.194314,0.022195,0.004134
1032,0.197906,0.024123,0.001498
1033,0.198933,0.02533,0.001831
1034,0.198725,0.0249,0.002011
1035,0.197241,0.024969,0.004508
1036,0.198517,0.025468,0.000999
1037,0.196311,0.02361,0.001387
1038,0.192427,0.021473,0.001734
1039,0.199779,0.025857,0.001512
1040,0.195326,0.022958,0.001637
1041,0.207256,0.031946,0.001554
1042,0.204454,0.029255,0.001373
1043,0.1986,0.02576,0.001443
1044,0.198337,0.024608,0.001567
1045,0.202623,0.027438,0.001831
1046,0.207048,0.031114,0.005438
1047,0.19989,0.025995,0.00283
1048,0.197296,0.024594,0.001789
1049,0.199294,0.026384,0.001595
1050,0.199807,0.026273,0.003315
1051,0.207811,0.033472,0.003412
1052,0.200181,0.025773,0.001706
1053,0.202498,0.028007,0.001887
1054,0.199113,0.025926,0.001623
1055,0.197615,0.024872,0.001928
1056,0.198337,0.025094,0.005091
1057,0.199058,0.025288,0.0019
1058,0.204315,0.029228,0.001817
1059,0.210169,0.032473,0.001498
1060,0.201763,0.027313,0.001984
1061,0.198753,0.02508,0.001665
1062,0.198281,0.024983,0.001692
1063,0.198101,0.025343,0.002663
1064,0.199557,0.025607,0.002039
1065,0.200265,0.026425,0.002122
1066,0.196422,0.023401,0.001068
1067,0.200334,0.026439,0.001373
1068,0.2029,0.02809,0.00154
1069,0.207839,0.031627,0.00154
1070,0.216827,0.038827,0.001678
1071,0.198572,0.025621,0.001512
1072,0.213914,0.037675,0.002386
1073,0.200764,0.026897,0.001276
1074,0.201499,0.027771,0.00258
1075,0.196741,0.024428,0.008004
1076,0.198891,0.025135,0.001873
1077,0.203552,0.027965,0.006062
1078,0.199807,0.025468,0.001998
1079,0.199654,0.026245,0.001789
1080,0.196159,0.023623,0.001415
1081,0.196616,0.023748,0.001276
1082,0.197823,0.024941,0.001845
1083,0.202664,0.027563,0.001027
1084,0.199072,0.025746,0.001845
1085,0.204315,0.029769,0.001623
1086,0.196769,0.023929,0.001817
1087,0.198891,0.025524,0.002206
1088,0.196464,0.024164,0.002053
1089,0.200403,0.026106,0.001651
1090,0.199308,0.025413,0.002733
1091,0.203816,0.028784,0.001373
1092,0.2053,0.029061,0.00197
1093,0.205175,0.030254,0.00154
1094,0.205258,0.028395,0.001595
1095,0.203691,0.027716,0.001373
1096,0.204204,0.027244,0.002122
1097,0.201222,0.025884,0.002483
1098,0.201527,0.026245,0.004356
1099,0.207769,0.029491,0.002275
1100,0.213318,0.033999,0.002275
1101,0.206937,0.029935,0.002344
1102,0.201388,0.025191,0.002011
1103,0.206701,0.030642,0.002233
1104,0.21071,0.031128,0.002594
1105,0.215634,0.036219,0.008101
1106,0.208976,0.029699,0.004009
1107,0.205952,0.02834,0.001817
1108,0.197601,0.023138,0.00412
1109,0.201097,0.025649,0.002816
1110,0.203081,0.028367,0.005202
1111,0.197268,0.023707,0.002414
1112,0.198059,0.023457,0.00154
1113,0.199432,0.024664,0.001221
1114,0.205661,0.027896,0.00147
1115,0.228105,0.042544,0.0043
1116,0.226524,0.038105,0.001623
1117,0.229132,0.044375,0.00129
1118,0.216356,0.033236,0.001637
1119,0.209406,0.029824,0.00233
1120,0.221863,0.034873,0.006908
1121,0.22171,0.037051,0.005604
1122,0.2034,0.02619,0.010778
1123,0.200764,0.02465,0.005077
1124,0.202179,0.026106,0.003385
1125,0.220046,0.03633,0.005243
1126,0.203233,0.025593,0.004827
1127,0.227495,0.043404,0.001831
1128,0.201208,0.026065,0.001789
1129,0.200181,0.024497,0.002219
1130,0.202304,0.026509,0.006228
1131,0.199779,0.025357,0.00154
1132,0.207936,0.028437,0.008323
1133,0.20272,0.026217,0.001914
1134,0.204482,0.027688,0.001928
1135,0.203469,0.02723,0.001734
1136,0.211348,0.030545,0.001581
1137,0.205023,0.028811,0.002053
1138,0.203705,0.02576,0.001942
1139,0.21329,0.031475,0.002219
1140,0.226413,0.040269,0.002441
1141,0.21766,0.032987,0.003357
1142,0.209448,0.029644,0.002858
1143,0.21501,0.032473,0.002816
1144,0.213776,0.032071,0.00276
1145,0.218159,0.033708,0.00645
1146,0.215926,0.032557,0.002844
1147,0.215634,0.032487,0.002497
1148,0.20659,0.026481,0.00308
1149,0.200168,0.023679,0.003412
1150,0.202026,0.024456,0.003357
1151,0.202345,0.024331,0.002192
1152,0.208976,0.028922,0.003385
1153,0.207492,0.028243,0.00147
1154,0.19584,0.021113,0.001429
1155,0.205467,0.025593,0.0019
1156,0.205688,0.027272,0.001651
1157,0.20297,0.02551,0.001706
1158,0.205328,0.0268,0.001692
1159,0.201902,0.024816,0.00147
1160,0.207062,0.02834,0.001262
1161,0.207714,0.029394,0.002136
1162,0.202304,0.023152,0.001595
1163,0.205023,0.025995,0.001692
1164,0.209836,0.028659,0.001692
1165,0.209767,0.027688,0.002372
1166,0.210308,0.028589,0.002802
1167,0.209295,0.02852,0.001193
1168,0.210474,0.028714,0.001429
1169,0.208602,0.027424,0.001692
1170,0.207325,0.026204,0.001928
1171,0.20186,0.023318,0.002441
1172,0.205411,0.025995,0.001859
1173,0.208796,0.027951,0.001762
1174,0.209725,0.028534,0.001762
1175,0.203441,0.024594,0.001873
1176,0.210502,0.0292,0.001429
1177,0.210058,0.028784,0.00233
1178,0.204398,0.025205,0.001706
1179,0.207311,0.026939,0.001443
1180,0.211209,0.028631,0.001762
1181,0.227356,0.03959,0.003135
1182,0.215537,0.032376,0.001484
1183,0.211154,0.029283,0.001304
1184,0.209364,0.029117,0.00258
1185,0.210488,0.028728,0.002219
1186,0.202082,0.023443,0.006603
1187,0.203122,0.024234,0.005535
1188,0.204967,0.026356,0.003482
1189,0.20899,0.029144,0.003204
1190,0.203552,0.024983,0.002122
1191,0.201152,0.023845,0.001526
1192,0.213304,0.031322,0.001512
1193,0.20677,0.027813,0.001692
1194,0.214691,0.033028,0.002594
1195,0.210932,0.029796,0.001401
1196,0.210391,0.029338,0.001096
1197,0.21071,0.029977,0.002622
1198,0.201527,0.02404,0.001942
1199,0.209781,0.030531,0.003066
1200,0.208074,0.027632,0.002344
1201,0.20813,0.02791,0.00154
1202,0.20358,0.026439,0.001706
1203,0.206604,0.028229,0.001096
1204,0.211029,0.029228,0.002899
1205,0.205508,0.026786,0.001304
1206,0.203913,0.025871,0.00319
1207,0.206063,0.027799,0.001873
1208,0.207006,0.02784,0.002497
1209,0.205508,0.027147,0.001637
1210,0.20082,0.023138,0.001429
1211,0.202332,0.025732,0.001623
1212,0.20401,0.02576,0.001457
1213,0.201638,0.025635,0.002206
1214,0.197102,0.021335,0.001512
1215,0.204842,0.026814,0.001304
1216,0.202332,0.025399,0.001706
1217,0.203552,0.026065,0.001831
1218,0.203025,0.026398,0.001803
1219,0.204121,0.027355,0.001443
1220,0.202859,0.026384,0.001637
1221,0.204898,0.026245,0.001554
1222,0.206535,0.027979,0.001387
1223,0.204246,0.026925,0.00154
1224,0.210738,0.030615,0.002539
1225,0.20795,0.029075,0.002011
1226,0.203094,0.026093,0.001457
1227,0.202734,0.025773,0.00154
1228,0.204815,0.026814,0.001956
1229,0.206854,0.028146,0.002636
1230,0.201624,0.024483,0.00172
1231,0.205245,0.026939,0.001457
1232,0.203136,0.025829,0.001762
1233,0.203594,0.026176,0.001845
1234,0.20254,0.024761,0.001803
1235,0.203164,0.026259,0.001762
1236,0.204634,0.027396,0.001137
1237,0.202443,0.024678,0.001762
1238,0.204482,0.026148,0.001443
1239,0.203205,0.024483,0.001235
1240,0.203844,0.026467,0.002386
1241,0.202054,0.025288,0.001665
1242,0.19878,0.023651,0.001581
1243,0.207256,0.026953,0.001484
1244,0.206091,0.026481,0.001845
1245,0.206826,0.027272,0.001831
1246,0.211168,0.02999,0.001443
1247,0.204926,0.025857,0.001734
1248,0.2005,0.022347,0.001609
1249,0.207298,0.027299,0.001401
1250,0.208782,0.027396,0.002594
1251,0.20874,0.029533,0.001984
1252,0.206715,0.026439,0.001567
1253,0.208615,0.028201,0.001235
1254,0.212028,0.029366,0.001651
1255,0.207436,0.026259,0.002164
1256,0.208851,0.028201,0.002941
1257,0.204898,0.025385,0.001526
1258,0.203871,0.025052,0.001609
1259,0.208962,0.027258,0.001748
1260,0.204717,0.025441,0.001512
1261,0.204648,0.025441,0.001831
1262,0.207561,0.027064,0.001359
1263,0.20616,0.027091,0.001429
1264,0.20505,0.025968,0.001332
1265,0.20684,0.026994,0.001637
1266,0.211737,0.030601,0.001387
1267,0.212499,0.029241,0.001373
1268,0.206257,0.025579,0.001678
1269,0.21053,0.028381,0.00172
1270,0.210155,0.027993,0.001831
1271,0.210793,0.028742,0.002289
1272,0.204759,0.025191,0.001581
1273,0.209989,0.028465,0.00154
1274,0.207187,0.026134,0.001567
1275,0.208837,0.027383,0.001817
1276,0.207603,0.026509,0.001429
1277,0.205342,0.024747,0.001484
1278,0.209295,0.029075,0.001526
1279,0.207811,0.02705,0.00154
1280,0.209905,0.02748,0.001262
1281,0.207575,0.027285,0.001443
1282,0.206895,0.02698,0.00147
1283,0.212014,0.030074,0.002705
1284,0.205175,0.025038,0.001637
1285,0.205924,0.025968,0.001817
1286,0.205897,0.025288,0.001332
1287,0.21379,0.030837,0.001526
1288,0.208116,0.027688,0.001706
1289,0.21182,0.030129,0.001873
1290,0.204218,0.024733,0.00172
1291,0.208574,0.027258,0.001304
1292,0.207658,0.026453,0.003926
1293,0.211015,0.028354,0.001831
1294,0.212805,0.029921,0.001803
1295,0.211501,0.028215,0.001235
1296,0.202304,0.023401,0.001762
1297,0.209794,0.028021,0.001484
1298,0.217646,0.032612,0.001803
1299,0.209503,0.026814,0.002525
1300,0.208976,0.027119,0.00172
1301,0.210932,0.027771,0.001484
1302,0.207825,0.02748,0.001387
1303,0.210016,0.028756,0.001651
1304,0.208879,0.027618,0.001276
1305,0.203844,0.023859,0.00111
1306,0.204496,0.02483,0.001873
1307,0.204773,0.024691,0.001845
1308,0.210807,0.028881,0.002053
1309,0.205772,0.025191,0.001623
1310,0.212014,0.029727,0.001692
1311,0.205578,0.025496,0.001595
1312,0.211209,0.029144,0.001706
1313,0.209087,0.027507,0.001165
1314,0.210488,0.027424,0.002053
1315,0.211057,0.028201,0.002955
1316,0.211098,0.028451,0.001692
1317,0.20462,0.024913,0.002136
1318,0.210391,0.027355,0.003107
1319,0.213623,0.02981,0.001318
1320,0.207797,0.026009,0.001706
1321,0.210738,0.028714,0.001692
1322,0.20709,0.025857,0.001623
1323,0.209184,0.027133,0.001304
1324,0.212083,0.029117,0.001595
1325,0.212583,0.028201,0.001401
1326,0.208421,0.026536,0.001762
1327,0.213082,0.028451,0.001942
1328,0.208907,0.026758,0.001776
1329,0.209836,0.026301,0.001914
1330,0.206909,0.025066,0.001443
1331,0.213942,0.029061,0.001512
1332,0.211487,0.028243,0.001776
1333,0.212153,0.028548,0.001665
1334,0.212902,0.028673,0.001346
1335,0.209725,0.026342,0.001248
1336,0.207173,0.026217,0.00147
1337,0.206923,0.02576,0.001457
1338,0.210405,0.027424,0.001401
1339,0.214982,0.029505,0.001956
1340,0.213179,0.028548,0.001429
1341,0.210599,0.028048,0.001803
1342,0.209309,0.026772,0.001803
1343,0.209045,0.025565,0.001609
1344,0.214733,0.030615,0.0019
1345,0.20745,0.025579,0.001373
1346,0.208477,0.026425,0.001443
1347,0.206438,0.025427,0.001526
1348,0.209406,0.027091,0.001262
1349,0.207145,0.025843,0.001776
1350,0.206479,0.025094,0.001457
1351,0.21114,0.028326,0.001318
1352,0.211112,0.028742,0.001512
1353,0.208352,0.027396,0.001554
1354,0.211889,0.027355,0.001776
1355,0.209586,0.027285,0.001942
1356,0.208754,0.026897,0.001623
1357,0.205758,0.024594,0.001692
1358,0.210211,0.027813,0.002469
1359,0.208255,0.026134,0.00129
1360,0.210793,0.027507,0.002039
1361,0.209739,0.027022,0.001942
1362,0.20856,0.027466,0.001623
1363,0.209836,0.026855,0.001609
1364,0.207977,0.025205,0.001817
1365,0.213928,0.029505,0.00215
1366,0.204787,0.024442,0.001928
1367,0.205342,0.024164,0.001665
1368,0.205619,0.024261,0.001443
1369,0.21422,0.029977,0.001665
1370,0.207769,0.025718,0.001581
1371,0.20795,0.025898,0.001248
1372,0.207866,0.026564,0.001387
1373,0.21157,0.027937,0.001332
1374,0.207866,0.025621,0.002261
1375,0.207103,0.025316,0.001623
1376,0.216467,0.03221,0.001221
1377,0.207589,0.025441,0.001887
1378,0.21114,0.027826,0.001415
1379,0.211792,0.028423,0.001512
1380,0.210058,0.026897,0.00172
1381,0.211515,0.027383,0.002636
1382,0.208185,0.025565,0.00172
1383,0.210183,0.027605,0.0019
1384,0.216633,0.032057,0.002095
1385,0.215232,0.028964,0.001567
1386,0.214178,0.0287,0.001998
1387,0.214289,0.030185,0.001554
1388,0.211431,0.027188,0.001776
1389,0.213651,0.030074,0.003371
1390,0.213151,0.027854,0.001748
1391,0.209156,0.026578,0.001526
1392,0.210308,0.026634,0.001942
1393,0.211653,0.02741,0.001443
1394,0.212291,0.029616,0.00283
1395,0.215967,0.030129,0.001526
1396,0.20702,0.024636,0.001609
1397,0.212513,0.02895,0.001928
1398,0.208504,0.025538,0.001359
1399,0.214275,0.030531,0.00362
1400,0.207353,0.023887,0.002025
1401,0.210655,0.025995,0.001609
1402,0.210335,0.026495,0.00301
1403,0.212361,0.028284,0.001526
1404,0.211889,0.026592,0.002858
1405,0.215038,0.030101,0.001401
1406,0.216148,0.029796,0.001512
1407,0.209781,0.026523,0.001401
1408,0.215218,0.029366,0.001776
1409,0.20745,0.024234,0.001429
1410,0.211584,0.026356,0.002414
1411,0.216841,0.030698,0.001457
1412,0.211265,0.027757,0.001678
1413,0.2168,0.03117,0.001956
1414,0.209905,0.02655,0.001165
1415,0.214622,0.029602,0.001637
1416,0.213831,0.029449,0.002108
1417,0.216037,0.03006,0.002039
1418,0.213401,0.0292,0.001831
1419,0.21003,0.026079,0.001457
1420,0.212957,0.027674,0.001665
1421,0.216273,0.029893,0.002122
1422,0.212985,0.028159,0.001748
1423,0.211695,0.027771,0.002261
1424,0.211847,0.027521,0.00129
1425,0.213138,0.027868,0.00104
1426,0.216883,0.031516,0.002206
1427,0.213165,0.029033,0.001859
1428,0.215315,0.029921,0.001706
1429,0.212985,0.028243,0.001498
1430,0.214774,0.028673,0.001984
1431,0.215898,0.02999,0.001984
1432,0.210252,0.026425,0.001734
1433,0.215177,0.030032,0.002414
1434,0.208823,0.025621,0.001984
1435,0.20444,0.023179,0.00154
1436,0.211681,0.026869,0.001734
1437,0.211431,0.027161,0.00154
1438,0.209989,0.026106,0.001595
1439,0.219602,0.032099,0.001318
1440,0.20838,0.025718,0.001678
1441,0.211209,0.027757,0.001262
1442,0.212416,0.027993,0.001873
1443,0.215232,0.029796,0.001734
1444,0.214691,0.028159,0.002691
1445,0.215551,0.028215,0.001429
1446,0.212569,0.027521,0.001304
1447,0.215856,0.029019,0.001554
1448,0.217091,0.030157,0.001748
1449,0.212458,0.026314,0.002122
1450,0.220351,0.032293,0.002039
1451,0.212139,0.027688,0.001762
1452,0.21218,0.028062,0.001554
1453,0.212347,0.026855,0.001623
1454,0.2101,0.025232,0.00147
1455,0.219019,0.03239,0.002885
1456,0.215204,0.028007,0.001609
1457,0.212153,0.026883,0.001429
1458,0.214109,0.027369,0.001179
1459,0.215468,0.028381,0.001748
1460,0.21397,0.027951,0.003579
1461,0.218173,0.030518,0.001512
1462,0.215856,0.029338,0.001595
1463,0.217465,0.030212,0.001567
1464,0.212208,0.026689,0.001887
1465,0.22282,0.033805,0.001637
1466,0.212347,0.025676,0.001457
1467,0.220989,0.031586,0.002178
1468,0.213568,0.027577,0.001998
1469,0.214039,0.027646,0.001429
1470,0.210058,0.025607,0.002927
1471,0.21809,0.031197,0.001373
1472,0.212721,0.026439,0.002233
1473,0.214428,0.028437,0.002164
1474,0.219186,0.03006,0.001984
1475,0.217507,0.029491,0.002011
1476,0.216411,0.028173,0.002261
1477,0.219685,0.029935,0.001387
1478,0.216841,0.028229,0.002178
1479,0.210488,0.02533,0.002053
1480,0.215829,0.028021,0.001221
1481,0.215135,0.027937,0.001873
1482,0.211667,0.025357,0.001706
1483,0.214386,0.027729,0.002247
1484,0.213013,0.026037,0.001554
1485,0.210696,0.02569,0.0019
1486,0.216078,0.029061,0.002122
1487,0.217396,0.028992,0.001457
1488,0.224485,0.03282,0.001776
1489,0.215371,0.027618,0.001567
1490,0.214788,0.027077,0.001512
1491,0.218464,0.030129,0.002386
1492,0.213068,0.026578,0.002206
1493,0.215801,0.028659,0.001817
1494,0.21458,0.02766,0.001526
1495,0.217701,0.0287,0.001887
1496,0.219394,0.031003,0.002816
1497,0.219158,0.028853,0.001526
1498,0.216716,0.029727,0.001678
1499,0.216286,0.028811,0.001762
1500,0.217826,0.029699,0.001373
1501,0.216592,0.028936,0.003607
1502,0.214677,0.027133,0.00172
1503,0.216924,0.028756,0.002108
1504,0.215149,0.026731,0.002067
1505,0.217285,0.028936,0.00172
1506,0.215482,0.027133,0.0019
1507,0.217604,0.029144,0.001734
1508,0.220462,0.030199,0.00369
1509,0.214303,0.025898,0.001235
1510,0.215704,0.027244,0.002164
1511,0.214192,0.026453,0.001692
1512,0.216675,0.027813,0.002372
1513,0.218131,0.028617,0.002011
1514,0.21347,0.025787,0.001498
1515,0.216231,0.028395,0.001762
1516,0.214178,0.026758,0.001346
1517,0.216175,0.027965,0.00154
1518,0.219144,0.028992,0.001998
1519,0.21354,0.026328,0.001554
1520,0.219047,0.030101,0.001803
1521,0.213179,0.026079,0.001429
1522,0.216037,0.027632,0.001637
1523,0.213679,0.026592,0.001457
1524,0.225705,0.033694,0.001595
1525,0.21569,0.02784,0.001748
1526,0.213817,0.027022,0.002289
1527,0.220892,0.031197,0.002122
1528,0.219144,0.030642,0.001318
1529,0.214941,0.027521,0.003981
1530,0.22196,0.031544,0.001762
1531,0.218617,0.029422,0.001567
1532,0.216064,0.026966,0.002497
1533,0.223791,0.03085,0.002969
1534,0.222099,0.030226,0.001734
1535,0.214969,0.026273,0.002261
1536,0.220392,0.02913,0.001845
1537,0.215676,0.026162,0.001526
1538,0.21845,0.028423,0.001859
1539,0.221807,0.029255,0.001762
1540,0.216023,0.026897,0.001415
1541,0.216924,0.026204,0.002344
1542,0.217646,0.027521,0.001373
1543,0.219186,0.028534,0.001567
1544,0.221141,0.028631,0.001942
1545,0.220018,0.029241,0.001554
1546,0.222806,0.031433,0.00129
1547,0.217119,0.027327,0.002178
1548,0.218006,0.027563,0.001623
1549,0.225081,0.033264,0.001151
1550,0.220309,0.028811,0.00215
1551,0.217355,0.026661,0.002691
1552,0.216883,0.026911,0.001942
1553,0.225567,0.031045,0.001692
1554,0.215967,0.0268,0.002705
1555,0.221585,0.030698,0.001734
1556,0.221766,0.030088,0.001484
1557,0.217355,0.02705,0.001401
1558,0.226551,0.03178,0.001457
1559,0.22368,0.031072,0.001429
1560,0.222126,0.028978,0.002095
1561,0.220767,0.028839,0.001817
1562,0.223361,0.031558,0.001359
1563,0.219935,0.028964,0.00215
1564,0.215274,0.026217,0.001845
1565,0.220559,0.030212,0.001457
1566,0.223236,0.031627,0.001429
1567,0.217521,0.028035,0.002913
1568,0.219727,0.028326,0.001692
1569,0.220573,0.02852,0.001609
1570,0.215274,0.026647,0.002552
1571,0.219255,0.028548,0.001706
1572,0.215343,0.026287,0.001512
1573,0.21999,0.028687,0.001276
1574,0.221141,0.029422,0.001692
1575,0.226135,0.033611,0.001429
1576,0.221641,0.028562,0.001942
1577,0.221807,0.028423,0.00147
1578,0.222778,0.029741,0.002289
1579,0.221585,0.029089,0.002067
1580,0.219338,0.027826,0.002636
1581,0.22049,0.028659,0.001998
1582,0.222321,0.029047,0.001457
1583,0.216619,0.025621,0.001706
1584,0.222432,0.030504,0.001845
1585,0.224415,0.029713,0.001623
1586,0.223833,0.029963,0.001665
1587,0.22239,0.029463,0.0019
1588,0.21759,0.02723,0.001817
1589,0.222321,0.029075,0.002871
1590,0.219532,0.028021,0.001928
1591,0.218728,0.027577,0.002136
1592,0.216481,0.026925,0.001637
1593,0.220268,0.029241,0.001706
1594,0.216522,0.026883,0.001706
1595,0.220184,0.029255,0.00154
1596,0.228771,0.034915,0.00197
1597,0.220975,0.028811,0.001789
1598,0.224596,0.031253,0.00172
1599,0.22171,0.028992,0.001789
1600,0.223486,0.030337,0.001734
1601,0.214011,0.025441,0.002261
1602,0.220268,0.030434,0.001956
1603,0.218159,0.027743,0.001803
1604,0.220101,0.029866,0.001581
1605,0.229797,0.037134,0.00172
1606,0.21809,0.027202,0.001609
1607,0.225539,0.031863,0.00172
1608,0.21304,0.025357,0.001887
1609,0.214552,0.025565,0.001803
1610,0.218742,0.028229,0.00516
1611,0.217202,0.027396,0.001179
1612,0.218409,0.02784,0.001609
1613,0.220365,0.029477,0.001651
1614,0.217674,0.027979,0.001304
1615,0.218686,0.028465,0.001512
1616,0.218034,0.027119,0.001248
1617,0.218006,0.027868,0.001803
1618,0.219033,0.027688,0.00129
1619,0.223624,0.031156,0.001665
1620,0.218117,0.027951,0.001803
1621,0.226662,0.034887,0.001623
1622,0.217424,0.028381,0.002067
1623,0.219838,0.029144,0.001429
1624,0.218908,0.027105,0.002108
1625,0.218117,0.027133,0.001734
1626,0.216175,0.026398,0.003634
1627,0.219824,0.028298,0.002081
1628,0.220725,0.02963,0.001803
1629,0.216578,0.026703,0.001762
1630,0.214955,0.025607,0.001762
1631,0.21938,0.028395,0.001373
1632,0.219949,0.028631,0.001554
1633,0.217785,0.027202,0.002649
1634,0.223916,0.031946,0.001484
1635,0.219574,0.028895,0.001235
1636,0.224193,0.031294,0.001443
1637,0.220295,0.029588,0.001887
1638,0.216703,0.027396,0.001665
1639,0.220933,0.028673,0.001984
1640,0.214733,0.025482,0.002233
1641,0.218603,0.02834,0.00233
1642,0.22178,0.029519,0.001803
1643,0.216703,0.026911,0.002774
1644,0.217049,0.027438,0.001443
1645,0.223722,0.031447,0.001762
1646,0.221308,0.028478,0.001762
1647,0.220406,0.029172,0.002178
1648,0.2254,0.031322,0.001415
1649,0.224804,0.030282,0.00154
1650,0.219921,0.027785,0.001457
1651,0.220503,0.027494,0.00129
1652,0.221988,0.02852,0.001817
1653,0.219144,0.026758,0.001734
1654,0.223028,0.028687,0.001554
1655,0.218672,0.026301,0.001623
1656,0.223264,0.029935,0.001457
1657,0.220947,0.028104,0.001665
1658,0.217715,0.026217,0.001429
1659,0.221516,0.029255,0.001609
1660,0.224679,0.030254,0.001831
1661,0.222085,0.029117,0.002081
1662,0.224734,0.029935,0.001235
1663,0.223819,0.029463,0.001443
1664,0.229353,0.033625,0.002317
1665,0.219297,0.026148,0.001637
1666,0.221474,0.027507,0.001637
1667,0.222626,0.028451,0.001859
1668,0.220795,0.026509,0.001887
1669,0.220961,0.027494,0.002733
1670,0.222071,0.028451,0.001859
1671,0.218645,0.02619,0.001207
1672,0.222251,0.028756,0.00233
1673,0.221655,0.028201,0.001637
1674,0.221044,0.027147,0.001692
1675,0.225677,0.029658,0.001554
1676,0.22239,0.028118,0.001498
1677,0.215815,0.024872,0.001998
1678,0.224387,0.029477,0.001498
1679,0.227384,0.031641,0.001484
1680,0.230546,0.034485,0.001831
1681,0.221627,0.028048,0.001651
1682,0.228008,0.031336,0.001665
1683,0.223624,0.029394,0.001956
1684,0.221058,0.027632,0.002317
1685,0.220365,0.026536,0.003163
1686,0.221877,0.027507,0.001665
1687,0.222945,0.028895,0.001734
1688,0.220767,0.027632,0.001984
1689,0.220933,0.027355,0.001692
1690,0.225664,0.030504,0.001484
1691,0.22497,0.029033,0.001429
1692,0.22497,0.02963,0.001484
1693,0.222862,0.029006,0.001554
1694,0.221669,0.028062,0.001498
1695,0.228424,0.031974,0.001512
1696,0.227536,0.03074,0.001415
1697,0.229562,0.031502,0.001776
1698,0.22411,0.02913,0.001678
1699,0.230796,0.033014,0.002039
1700,0.226579,0.030753,0.003648
1701,0.225012,0.029519,0.002441
1702,0.226857,0.029949,0.001914
1703,0.223763,0.027965,0.001942
1704,0.227939,0.03135,0.002136
1705,0.223763,0.028062,0.001873
1706,0.226135,0.029755,0.001637
1707,0.224859,0.028381,0.001845
1708,0.225483,0.028645,0.001387
1709,0.226538,0.029963,0.002108
1710,0.222071,0.026786,0.001498
1711,0.233432,0.034526,0.002899
1712,0.219727,0.025385,0.001137
1713,0.223375,0.027022,0.001276
1714,0.221169,0.026453,0.001706
1715,0.227162,0.02999,0.001498
1716,0.222834,0.02723,0.002941
1717,0.22497,0.028173,0.001748
1718,0.228535,0.030823,0.001248
1719,0.224637,0.02827,0.001401
1720,0.221169,0.025829,0.001651
1721,0.22515,0.028589,0.001443
1722,0.226704,0.029394,0.001484
1723,0.232572,0.033223,0.001623
1724,0.23192,0.032917,0.001373
1725,0.224665,0.02827,0.001221
1726,0.225553,0.028478,0.002025
1727,0.230935,0.033347,0.001387
1728,0.227162,0.029658,0.002303
1729,0.226801,0.029644,0.002816
1730,0.229118,0.03135,0.001623
1731,0.227425,0.029741,0.001651
1732,0.22429,0.028478,0.003204
1733,0.226912,0.029449,0.001193
1734,0.228119,0.030476,0.002511
1735,0.228535,0.030504,0.001498
1736,0.227342,0.029685,0.001443
1737,0.225816,0.029144,0.001637
1738,0.229021,0.031017,0.002136
1739,0.23124,0.033292,0.001706
1740,0.230186,0.031142,0.001609
1741,0.224055,0.028784,0.001554
1742,0.222959,0.02748,0.001665
1743,0.226593,0.029269,0.00276
1744,0.229922,0.032252,0.002858
1745,0.227717,0.030878,0.001956
1746,0.231448,0.032876,0.001359
1747,0.22687,0.029366,0.001567
1748,0.231712,0.033528,0.001651
1749,0.236373,0.035123,0.002372
1750,0.224693,0.028534,0.002025
1751,0.225081,0.029574,0.001595
1752,0.225608,0.029394,0.001651
1753,0.223292,0.028728,0.002899
1754,0.232655,0.033431,0.003024
1755,0.225788,0.028881,0.001235
1756,0.230241,0.030642,0.002566
1757,0.227217,0.029671,0.001845
1758,0.223971,0.02791,0.002011
1759,0.226607,0.028936,0.001665
1760,0.227786,0.029658,0.001595
1761,0.232377,0.033486,0.000916
1762,0.223888,0.027937,0.00147
1763,0.225941,0.028825,0.001665
1764,0.225733,0.029574,0.001776
1765,0.223583,0.02723,0.00172
1766,0.22884,0.031017,0.002025
1767,0.219879,0.026023,0.001429
1768,0.22436,0.028784,0.001762
1769,0.223638,0.028797,0.001928
1770,0.226732,0.030032,0.001346
1771,0.227481,0.029713,0.00154
1772,0.229756,0.031003,0.002275
1773,0.229617,0.030185,0.001998
1774,0.228369,0.029574,0.002636
1775,0.225636,0.028367,0.002081
1776,0.236816,0.034402,0.001678
1777,0.225594,0.02741,0.001637
1778,0.226607,0.028062,0.00197
1779,0.227079,0.028978,0.001401
1780,0.229589,0.030101,0.00172
1781,0.228424,0.028617,0.003801
1782,0.228521,0.029574,0.001567
1783,0.225192,0.028381,0.001581
1784,0.226898,0.027993,0.001609
1785,0.229908,0.030601,0.001554
1786,0.227453,0.029033,0.001512
1787,0.22601,0.028215,0.002095
1788,0.227522,0.028478,0.001623
1789,0.231101,0.031156,0.001748
1790,0.227425,0.029533,0.001706
1791,0.227952,0.029366,0.00154
1792,0.224651,0.027549,0.001609
1793,0.230227,0.029838,0.00147
1794,0.234736,0.032598,0.001554
1795,0.228382,0.028714,0.00233
1796,0.235166,0.032959,0.001429
1797,0.229395,0.029449,0.00172
1798,0.230533,0.029921,0.001498
1799,0.229783,0.029602,0.001651
1800,0.232156,0.030864,0.001998
1801,0.232724,0.030726,0.001567
1802,0.232752,0.031183,0.00147
1803,0.238953,0.034901,0.00233
1804,0.227689,0.02827,0.001512
1805,0.229229,0.028825,0.001359
1806,0.23855,0.035733,0.001817
1807,0.229964,0.030226,0.001665
1808,0.235859,0.033112,0.001665
1809,0.230879,0.029935,0.001581
1810,0.227786,0.02834,0.00197
1811,0.227411,0.028215,0.001789
1812,0.228896,0.029172,0.001526
1813,0.230713,0.030323,0.001928
1814,0.23862,0.036316,0.001359
1815,0.229284,0.028562,0.00172
1816,0.231753,0.030989,0.001734
1817,0.2302,0.030088,0.001734
1818,0.231434,0.030296,0.001665
1819,0.228951,0.029449,0.004883
1820,0.228577,0.028742,0.001734
1821,0.226968,0.02791,0.001956
1822,0.225913,0.027771,0.001873
1823,0.230338,0.029963,0.00172
1824,0.230103,0.030171,0.001457
1825,0.237954,0.035151,0.001748
1826,0.233043,0.031086,0.001165
1827,0.228216,0.029394,0.001554
1828,0.229021,0.029879,0.001318
1829,0.231198,0.030642,0.001637
1830,0.233279,0.030864,0.002691
1831,0.228951,0.02963,0.001831
1832,0.236997,0.034818,0.002261
1833,0.228771,0.027688,0.001803
1834,0.22841,0.027743,0.001817
1835,0.233626,0.031502,0.001845
1836,0.23837,0.033916,0.002358
1837,0.232849,0.030656,0.002844
1838,0.230893,0.029852,0.001498
1839,0.239535,0.034429,0.001706
1840,0.237455,0.033195,0.001526
1841,0.23192,0.030642,0.003038
1842,0.230269,0.029186,0.001651
1843,0.230172,0.029061,0.0019
1844,0.229367,0.029241,0.001845
1845,0.232572,0.030587,0.001831
1846,0.23579,0.032973,0.002067
1847,0.231143,0.031711,0.001457
1848,0.230435,0.029297,0.00154
1849,0.23364,0.031697,0.001567
1850,0.229451,0.029158,0.001789
1851,0.22669,0.027299,0.001873
1852,0.233751,0.031669,0.003163
1853,0.237094,0.033195,0.001581
1854,0.235041,0.033417,0.002261
1855,0.234611,0.032487,0.00147
1856,0.231004,0.030004,0.00129
1857,0.232128,0.031697,0.001956
1858,0.23475,0.032265,0.001734
1859,0.23554,0.031627,0.001831
1860,0.231323,0.030337,0.001762
1861,0.226232,0.026259,0.001873
1862,0.229326,0.029089,0.002788
1863,0.23751,0.034332,0.002233
1864,0.233931,0.031405,0.001887
1865,0.228715,0.027716,0.001665
1866,0.231545,0.030101,0.001304
1867,0.233307,0.031072,0.001623
1868,0.229353,0.027507,0.001651
1869,0.232766,0.029602,0.001401
1870,0.234389,0.030434,0.001429
1871,0.230727,0.028603,0.00154
1872,0.235193,0.031738,0.001706
1873,0.234985,0.032529,0.001387
1874,0.227467,0.027008,0.001692
1875,0.228563,0.027105,0.001762
1876,0.22841,0.027771,0.001346
1877,0.230491,0.029755,0.001803
1878,0.23013,0.028367,0.002871
1879,0.233348,0.03024,0.001262
1880,0.231767,0.029172,0.001609
1881,0.236095,0.031156,0.001581
1882,0.233404,0.029671,0.002095
1883,0.233612,0.02963,0.001984
1884,0.230796,0.027785,0.002178
1885,0.236178,0.030684,0.001956
1886,0.228133,0.02612,0.001817
1887,0.231947,0.028603,0.002164
1888,0.236775,0.031183,0.001859
1889,0.233917,0.030254,0.001762
1890,0.234902,0.030434,0.001554
1891,0.234014,0.030476,0.001248
1892,0.240756,0.035511,0.001221
1893,0.232253,0.029547,0.001415
1894,0.233889,0.030018,0.001928
1895,0.233446,0.029782,0.001387
1896,0.23708,0.033209,0.001789
1897,0.234708,0.031447,0.002566
1898,0.231351,0.028659,0.001304
1899,0.231989,0.029491,0.00129
1900,0.239896,0.035955,0.001526
1901,0.233113,0.029685,0.001373
1902,0.234056,0.029547,0.001623
1903,0.233612,0.029436,0.001346
1904,0.231365,0.028312,0.001373
1905,0.232197,0.029616,0.004272
1906,0.232114,0.028895,0.001304
1907,0.229451,0.027785,0.001554
1908,0.236997,0.032695,0.00147
1909,0.235415,0.030531,0.001637
1910,0.232724,0.029144,0.0019
1911,0.231379,0.027993,0.00147
1912,0.236775,0.031197,0.00154
1913,0.233612,0.029588,0.00301
1914,0.236636,0.030684,0.001859
1915,0.236622,0.031211,0.0019
1916,0.237135,0.032515,0.001318
1917,0.233432,0.03067,0.001637
1918,0.231892,0.028506,0.001276
1919,0.240201,0.03497,0.001887
1920,0.238412,0.032668,0.001859
1921,0.233251,0.029866,0.002844
1922,0.231157,0.028159,0.002095
1923,0.234222,0.029463,0.001484
1924,0.229659,0.027327,0.003829
1925,0.240146,0.033361,0.001859
1926,0.236053,0.031031,0.003024
1927,0.232516,0.028478,0.001346
1928,0.239938,0.033195,0.001498
1929,0.231823,0.029436,0.001567
1930,0.234833,0.030559,0.001762
1931,0.238037,0.03153,0.001637
1932,0.238093,0.032265,0.001401
1933,0.234472,0.030407,0.001387
1934,0.234583,0.029394,0.002372
1935,0.233085,0.029241,0.001748
1936,0.236275,0.030282,0.00197
1937,0.235721,0.030282,0.002622
1938,0.24095,0.033347,0.001373
1939,0.238342,0.031475,0.001859
1940,0.237385,0.031086,0.00154
1941,0.238176,0.032071,0.00197
1942,0.242698,0.034416,0.001387
1943,0.234,0.028576,0.001873
1944,0.236705,0.031128,0.001429
1945,0.234944,0.028992,0.001387
1946,0.235707,0.030323,0.001651
1947,0.243211,0.034166,0.00301
1948,0.233917,0.02827,0.001567
1949,0.238481,0.031378,0.001623
1950,0.23683,0.030296,0.001928
1951,0.235138,0.029893,0.001443
1952,0.232544,0.027924,0.001956
1953,0.237496,0.030878,0.001304
1954,0.236539,0.029533,0.00154
1955,0.23733,0.0311,0.001512
1956,0.240423,0.03307,0.001845
1957,0.237163,0.031558,0.001457
1958,0.237704,0.031183,0.001221
1959,0.239299,0.03264,0.002053
1960,0.236345,0.029963,0.001346
1961,0.234541,0.029616,0.001789
1962,0.240673,0.032862,0.001873
1963,0.238412,0.032571,0.001734
1964,0.246305,0.035928,0.001498
1965,0.240118,0.032612,0.001623
1966,0.237441,0.031086,0.001457
1967,0.238356,0.03178,0.001706
1968,0.233695,0.028978,0.002275
1969,0.233224,0.027771,0.00147
1970,0.238994,0.031877,0.001554
1971,0.236497,0.030171,0.0019
1972,0.236858,0.030518,0.001526
1973,0.238481,0.031225,0.001803
1974,0.237524,0.030545,0.001595
1975,0.240354,0.033223,0.001415
1976,0.238647,0.030878,0.001054
1977,0.237718,0.030462,0.001498
1978,0.240062,0.032307,0.00154
1979,0.236095,0.029574,0.001748
1980,0.238842,0.031946,0.002275
1981,0.239369,0.031724,0.001762
1982,0.238148,0.031613,0.0019
1983,0.242781,0.035456,0.001609
1984,0.242753,0.033417,0.001373
1985,0.238176,0.030712,0.001526
1986,0.23665,0.029061,0.001637
1987,0.237801,0.030407,0.00147
1988,0.240423,0.031905,0.001942
1989,0.246249,0.036663,0.001748
1990,0.236594,0.030559,0.001457
1991,0.239216,0.032626,0.00172
1992,0.23855,0.031086,0.002233
1993,0.240576,0.031128,0.001831
1994,0.237898,0.030407,0.002691
1995,0.238287,0.030961,0.002122
1996,0.240978,0.032279,0.002372
1997,0.242545,0.033264,0.001637
1998,0.238814,0.03067,0.002261
1999,0.242573,0.032945,0.002206
2000,0.2388,0.030587,0.00172
2001,0.235207,0.02938,0.001651
2002,0.241241,0.032293,0.001748
2003,0.23923,0.031572,0.001651
2004,0.240895,0.033583,0.001998
2005,0.242767,0.033528,0.001748
2006,0.241033,0.032321,0.001332
2007,0.243544,0.03332,0.001554
2008,0.241158,0.031946,0.001942
2009,0.238606,0.030934,0.002844
2010,0.246693,0.03522,0.001665
2011,0.242878,0.031891,0.001928
2012,0.247262,0.035664,0.001776
2013,0.247165,0.035373,0.001304
2014,0.239175,0.030365,0.00172
2015,0.243808,0.033014,0.002705
2016,0.244737,0.03325,0.001207
2017,0.24249,0.03196,0.00147
2018,0.244626,0.033334,0.001748
2019,0.249121,0.03608,0.001248
2020,0.242587,0.031461,0.001665
2021,0.23425,0.027369,0.001623
2022,0.241241,0.031891,0.001567
2023,0.237427,0.029977,0.002108
2024,0.242698,0.032404,0.00147
2025,0.236789,0.029338,0.00147
2026,0.242712,0.032071,0.001567
2027,0.244238,0.033597,0.001887
2028,0.247498,0.035955,0.001665
2029,0.243294,0.033375,0.001692
2030,0.244487,0.033375,0.001415
2031,0.246873,0.035595,0.001803
2032,0.246402,0.035914,0.00147
2033,0.250854,0.038938,0.001845
2034,0.247692,0.035789,0.001623
2035,0.242004,0.031405,0.001665
2036,0.244182,0.034041,0.002691
2037,0.242143,0.031849,0.001609
2038,0.242767,0.03282,0.003898
2039,0.247706,0.034679,0.002622
2040,0.247345,0.035137,0.001373
2041,0.24052,0.030989,0.001873
2042,0.242795,0.032654,0.001706
2043,0.24267,0.033833,0.001803
2044,0.23837,0.029921,0.001859
2045,0.242143,0.032085,0.001706
2046,0.242074,0.032335,0.001637
2047,0.240146,0.031544,0.001581
2048,0.236789,0.029519,0.001678
2049,0.241117,0.031808,0.001554
2050,0.2474,0.036718,0.002483
2051,0.243738,0.032973,0.00129
2052,0.245972,0.03497,0.001734
2053,0.248829,0.03633,0.001567
2054,0.244723,0.033125,0.001928
2055,0.240881,0.031447,0.00283
2056,0.244002,0.032903,0.001762
2057,0.246735,0.034471,0.00276
2058,0.241977,0.030892,0.001762
2059,0.239868,0.029755,0.002233
2060,0.245902,0.034138,0.00197
2061,0.247678,0.035206,0.001609
2062,0.238883,0.029228,0.001789
2063,0.24704,0.035206,0.00129
2064,0.2474,0.034526,0.001235
2065,0.244876,0.033375,0.001928
2066,0.243489,0.032515,0.001928
2067,0.245153,0.034027,0.001512
2068,0.245223,0.033389,0.002344
2069,0.243905,0.032695,0.001942
2070,0.242365,0.03178,0.001623
2071,0.241158,0.031697,0.00197
2072,0.240756,0.03092,0.002136
2073,0.24722,0.033528,0.001387
2074,0.263783,0.03848,0.001387
2075,0.266904,0.033736,0.001512
2076,0.26449,0.035525,0.00197
2077,0.25005,0.033902,0.001776
2078,0.253504,0.036982,0.002261
2079,0.246249,0.031308,0.002636
2080,0.260592,0.036621,0.001165
2081,0.269304,0.037176,0.001567
2082,0.270233,0.03626,0.001484
2083,0.260412,0.036274,0.001692
2084,0.260925,0.037148,0.001706
2085,0.268901,0.03959,0.002053
2086,0.261647,0.03565,0.000971
2087,0.266904,0.037065,0.001235
2088,0.257582,0.03479,0.001151
2089,0.24679,0.033306,0.001748
2090,0.247706,0.034332,0.001845
2091,0.246873,0.033181,0.001859
2092,0.242587,0.031086,0.001276
2093,0.245347,0.03307,0.001235
2094,0.258956,0.037772,0.001678
2095,0.254198,0.034582,0.001401
2096,0.253712,0.032834,0.001027
2097,0.260287,0.034471,0.001914
2098,0.261341,0.037356,0.001928
2099,0.26947,0.037772,0.002691
2100,0.263547,0.034679,0.001276
2101,0.255876,0.033958,0.000957
2102,0.258498,0.036136,0.001179
2103,0.260412,0.033736,0.002594
2104,0.262978,0.036011,0.001179
2105,0.271981,0.037384,0.001498
2106,0.258331,0.033112,0.001651
2107,0.254891,0.033514,0.00154
2108,0.249065,0.032515,0.001013
2109,0.248746,0.034665,0.001651
2110,0.24611,0.031738,0.001124
2111,0.251562,0.032779,0.001304
2112,0.252256,0.035095,0.001151
2113,0.242088,0.029755,0.001096
2114,0.248025,0.032473,0.001998
2115,0.258068,0.034485,0.001165
2116,0.257235,0.03221,0.001151
2117,0.267362,0.035109,0.002011
2118,0.256181,0.033639,0.001207
2119,0.257749,0.034943,0.00129
2120,0.261841,0.035497,0.002039
2121,0.259871,0.035331,0.001235
2122,0.272328,0.039382,0.001415
2123,0.257582,0.034929,0.00129
2124,0.250078,0.032876,0.001359
2125,0.250702,0.032903,0.001415
2126,0.261106,0.033985,0.001193
2127,0.261536,0.035081,0.001207
2128,0.266516,0.036732,0.001221
2129,0.266294,0.037592,0.001137
2130,0.247525,0.031502,0.001928
2131,0.250341,0.033999,0.001359
2132,0.244099,0.029436,0.001998
2133,0.249481,0.032432,0.001401
2134,0.254794,0.032252,0.001831
2135,0.263824,0.033361,0.001484
2136,0.252713,0.033486,0.001193
2137,0.255723,0.033098,0.001096
2138,0.250272,0.032321,0.001332
2139,0.255945,0.033028,0.001221
2140,0.255876,0.033555,0.001304
2141,0.268652,0.035178,0.002053
2142,0.259136,0.034346,0.00154
2143,0.253129,0.031641,0.001484
2144,0.266155,0.03712,0.001262
2145,0.259635,0.032515,0.001262
2146,0.261952,0.035955,0.0019
2147,0.276961,0.039409,0.001207
2148,0.257513,0.03454,0.001415
2149,0.250078,0.031267,0.001762
2150,0.258512,0.036358,0.001207
2151,0.250424,0.030989,0.001318
2152,0.255668,0.03522,0.001193
2153,0.254198,0.034554,0.001623
2154,0.252242,0.034152,0.001027
2155,0.251839,0.032557,0.001651
2156,0.255127,0.033653,0.001179
2157,0.275782,0.04106,0.001706
2158,0.267278,0.034804,0.00154
2159,0.275449,0.036274,0.001887
2160,0.273202,0.036912,0.001457
2161,0.257346,0.032751,0.001151
2162,0.255862,0.032446,0.003815
2163,0.255862,0.037661,0.001443
2164,0.252575,0.036538,0.001165
2165,0.273951,0.038591,0.001387
2166,0.273382,0.036066,0.001332
2167,0.259302,0.034956,0.001332
2168,0.250494,0.030434,0.001581
2169,0.252436,0.032654,0.003399
2170,0.255529,0.037967,0.001401
2171,0.248163,0.032862,0.001928
2172,0.249648,0.034263,0.001235
2173,0.246152,0.031267,0.001124
2174,0.247317,0.032446,0.001651
2175,0.242476,0.029866,0.002844
2176,0.251964,0.036205,0.001595
2177,0.254364,0.03608,0.00258
2178,0.250882,0.035234,0.001609
2179,0.24267,0.03049,0.001595
2180,0.244099,0.030268,0.001207
2181,0.245153,0.03085,0.003565
2182,0.254711,0.038258,0.00154
2183,0.246943,0.032182,0.002219
2184,0.262729,0.037745,0.001692
2185,0.266391,0.035359,0.001831
2186,0.256889,0.035345,0.001401
2187,0.254253,0.03135,0.003468
2188,0.272786,0.038369,0.001443
2189,0.28287,0.039506,0.002344
2190,0.268569,0.036746,0.001387
2191,0.262104,0.035761,0.00154
2192,0.254378,0.033999,0.001332
2193,0.255307,0.035789,0.0024
2194,0.247636,0.032557,0.001304
2195,0.256736,0.035525,0.001415
2196,0.258498,0.034943,0.001387
2197,0.25718,0.036094,0.001831
2198,0.24962,0.032709,0.00147
2199,0.255169,0.037051,0.001248
2200,0.252505,0.034804,0.001304
2201,0.26198,0.035095,0.001415
2202,0.275962,0.036524,0.001581
2203,0.257027,0.033209,0.001346
2204,0.268957,0.035775,0.002095
2205,0.261272,0.035442,0.002219
2206,0.260148,0.035248,0.001554
2207,0.277987,0.041865,0.001068
2208,0.270511,0.035886,0.001193
2209,0.257346,0.034291,0.001457
2210,0.263561,0.035026,0.001221
2211,0.248219,0.033223,0.001928
2212,0.244154,0.03239,0.001484
2213,0.245833,0.033223,0.001457
2214,0.247664,0.034624,0.001526
2215,0.248704,0.033958,0.001567
2216,0.248593,0.03411,0.001748
2217,0.246762,0.032085,0.001554
2218,0.248871,0.033153,0.001789
2219,0.248094,0.033001,0.001595
2220,0.255182,0.038452,0.001706
2221,0.25152,0.034998,0.002636
2222,0.251812,0.035067,0.001387
2223,0.246624,0.031655,0.001678
2224,0.249883,0.034568,0.001942
2225,0.251853,0.03547,0.002969
2226,0.247317,0.031752,0.001276
2227,0.265378,0.039215,0.001678
2228,0.263741,0.03608,0.001457
2229,0.253754,0.035081,0.001734
2230,0.252783,0.033666,0.001595
2231,0.261161,0.035276,0.001248
2232,0.252172,0.035844,0.00172
2233,0.24815,0.033583,0.001748
2234,0.252797,0.035054,0.001692
2235,0.250411,0.034346,0.001581
2236,0.252894,0.035359,0.001443
2237,0.253879,0.035081,0.00276
2238,0.252519,0.03368,0.001554
2239,0.247609,0.031516,0.001609
2240,0.248052,0.031225,0.001567
2241,0.25306,0.035608,0.001692
2242,0.249342,0.032141,0.001512
2243,0.271773,0.035081,0.001706
2244,0.267265,0.039465,0.001332
2245,0.258997,0.035983,0.001484
2246,0.257,0.034402,0.002594
2247,0.272466,0.038508,0.001609
2248,0.265336,0.035511,0.001124
2249,0.285631,0.040144,0.001609
2250,0.279361,0.037994,0.001179
2251,0.25847,0.032945,0.001498
2252,0.263297,0.037412,0.001554
2253,0.267514,0.037495,0.001318
2254,0.257915,0.034721,0.001248
2255,0.260884,0.036233,0.001221
2256,0.263381,0.036899,0.00129
2257,0.255293,0.03461,0.001332
2258,0.256778,0.034554,0.001554
2259,0.25263,0.032709,0.001762
2260,0.258789,0.035345,0.001221
2261,0.266835,0.037592,0.001054
2262,0.273077,0.037259,0.002344
2263,0.272231,0.036441,0.001332
2264,0.266821,0.037759,0.001027
2265,0.268069,0.037717,0.001165
2266,0.276572,0.03823,0.001762
2267,0.270081,0.039867,0.001235
2268,0.281885,0.04088,0.001221
2269,0.279597,0.039978,0.001526
2270,0.270691,0.037759,0.001415
2271,0.260287,0.033597,0.001179
2272,0.260107,0.035067,0.002816
2273,0.260537,0.037342,0.001609
2274,0.25718,0.033985,0.001512
2275,0.257305,0.036982,0.001554
2276,0.254725,0.035928,0.001082
2277,0.260398,0.034859,0.001734
2278,0.259483,0.037009,0.002483
2279,0.259455,0.03375,0.001235
2280,0.281539,0.041254,0.002206
2281,0.279375,0.036524,0.001609
2282,0.269137,0.037897,0.001942
2283,0.269997,0.037481,0.002566
2284,0.27796,0.038411,0.001665
2285,0.267112,0.036635,0.001346
2286,0.278625,0.037634,0.000929
2287,0.275241,0.037592,0.001235
2288,0.265683,0.036136,0.001248
2289,0.264962,0.037759,0.001096
2290,0.256805,0.035622,0.001262
2291,0.262895,0.037745,0.001512
2292,0.25958,0.033861,0.001068
2293,0.267556,0.03737,0.001609
2294,0.258858,0.034429,0.001526
2295,0.255307,0.035581,0.001609
2296,0.255668,0.035664,0.001873
2297,0.253546,0.033542,0.001179
2298,0.262132,0.036829,0.0019
2299,0.271482,0.035761,0.001346
2300,0.274644,0.03719,0.001415
2301,0.272064,0.036136,0.001429
2302,0.275074,0.036677,0.00154
2303,0.260759,0.033375,0.002441
2304,0.266155,0.038119,0.001789
2305,0.263561,0.035803,0.001235
2306,0.271648,0.039714,0.001262
2307,0.262188,0.037301,0.001359
2308,0.262645,0.033736,0.001137
2309,0.274714,0.036593,0.001817
2310,0.268374,0.036524,0.001526
2311,0.279291,0.038549,0.001235
2312,0.271343,0.034679,0.002594
2313,0.258526,0.034305,0.001235
2314,0.258373,0.034013,0.001304
2315,0.257915,0.036704,0.001248
2316,0.260176,0.036122,0.001692
2317,0.266058,0.039423,0.001498
2318,0.273035,0.040131,0.001359
2319,0.27212,0.0378,0.001373
2320,0.265933,0.037675,0.001609
2321,0.260939,0.034984,0.00147
2322,0.264476,0.036136,0.003121
2323,0.264712,0.035081,0.001817
2324,0.287198,0.039479,0.001415
2325,0.291873,0.041712,0.002247
2326,0.269775,0.035525,0.001387
2327,0.277738,0.03719,0.001346
2328,0.268638,0.035567,0.002497
2329,0.266113,0.03393,0.001443
2330,0.284715,0.039548,0.001276
2331,0.275588,0.036912,0.001595
2332,0.265475,0.035387,0.00129
2333,0.259344,0.033777,0.001359
2334,0.261466,0.032709,0.001387
2335,0.255099,0.032501,0.001498
2336,0.260537,0.034582,0.001512
2337,0.258678,0.032543,0.001387
2338,0.272203,0.03719,0.001304
2339,0.273118,0.040699,0.001429
2340,0.264754,0.033805,0.001387
2341,0.264809,0.033514,0.001304
2342,0.272716,0.034318,0.001567
2343,0.287975,0.039257,0.001429
2344,0.283148,0.039479,0.002566
2345,0.270608,0.035775,0.001248
2346,0.280998,0.037759,0.001928
2347,0.275643,0.03909,0.001359
2348,0.270108,0.036469,0.001651
2349,0.283383,0.038494,0.00147
2350,0.279264,0.039645,0.00129
2351,0.266987,0.035387,0.001346
2352,0.262326,0.03454,0.001567
2353,0.257638,0.033278,0.001193
2354,0.26284,0.034416,0.001581
2355,0.273438,0.039964,0.001651
2356,0.26911,0.036926,0.001567
2357,0.268541,0.037925,0.001332
2358,0.265101,0.035747,0.001457
2359,0.263908,0.033875,0.001137
2360,0.264449,0.03375,0.002275
2361,0.275324,0.036677,0.00111
2362,0.289321,0.040269,0.001484
2363,0.293759,0.04192,0.001429
2364,0.270802,0.034721,0.001235
2365,0.273007,0.034554,0.001346
2366,0.265239,0.034346,0.001776
2367,0.26664,0.036843,0.00172
2368,0.274519,0.033972,0.001235
2369,0.271412,0.035137,0.00129
2370,0.276545,0.039354,0.001151
2371,0.271773,0.036635,0.001137
2372,0.268014,0.034332,0.001318
2373,0.269012,0.034457,0.00129
2374,0.274284,0.037786,0.001332
2375,0.270733,0.036968,0.002095
2376,0.265059,0.034526,0.001373
2377,0.263145,0.035067,0.000846
2378,0.267625,0.038924,0.001512
2379,0.266072,0.036191,0.001429
2380,0.264976,0.033888,0.001151
2381,0.280387,0.038813,0.001373
2382,0.27771,0.039784,0.001623
2383,0.265766,0.036482,0.002649
2384,0.267944,0.036774,0.001526
2385,0.278695,0.037218,0.001235
2386,0.270885,0.035054,0.001304
2387,0.288544,0.038841,0.001512
2388,0.291582,0.041504,0.001789
2389,0.27746,0.039243,0.001581
2390,0.276864,0.037578,0.001262
2391,0.27126,0.035595,0.001207
2392,0.277391,0.038147,0.00154
2393,0.28355,0.042073,0.001276
2394,0.271315,0.036219,0.001609
2395,0.266086,0.034249,0.000999
2396,0.259913,0.03196,0.001831
2397,0.260995,0.03547,0.00129
2398,0.264865,0.03805,0.002289
2399,0.270982,0.038202,0.001207
2400,0.283592,0.03669,0.001151
2401,0.280859,0.037731,0.001137
2402,0.276018,0.037994,0.001346
2403,0.273646,0.036441,0.002289
2404,0.278653,0.040547,0.002095
2405,0.28183,0.037342,0.001567
2406,0.284687,0.042336,0.001512
2407,0.289445,0.040297,0.001498
2408,0.290056,0.041615,0.001373
2409,0.283855,0.038757,0.001484
2410,0.279805,0.038341,0.00111
2411,0.273798,0.037426,0.002719
2412,0.267861,0.033569,0.001235
2413,0.271329,0.035928,0.001304
2414,0.263131,0.035525,0.001484
2415,0.259316,0.032945,0.001512
2416,0.266779,0.037814,0.001567
2417,0.263589,0.033694,0.001304
2418,0.263797,0.035192,0.001401
2419,0.272439,0.037675,0.001914
2420,0.274228,0.038064,0.001346
2421,0.281816,0.038924,0.001207
2422,0.273951,0.036094,0.001207
2423,0.27857,0.039825,0.00129
2424,0.277016,0.039104,0.001734
2425,0.284549,0.038383,0.001678
2426,0.267126,0.037412,0.001692
2427,0.266363,0.03669,0.001359
2428,0.268832,0.036607,0.001443
2429,0.263214,0.033861,0.001609
2430,0.264615,0.034776,0.001457
2431,0.275463,0.041421,0.00215
2432,0.267431,0.036358,0.002358
2433,0.268028,0.035428,0.002039
2434,0.266086,0.034096,0.001748
2435,0.264074,0.03547,0.001304
2436,0.264199,0.035678,0.003759
2437,0.264934,0.035539,0.001706
2438,0.272883,0.040505,0.001429
2439,0.26388,0.035414,0.001346
2440,0.26105,0.033209,0.001859
2441,0.266821,0.037412,0.002067
2442,0.263616,0.036344,0.001581
2443,0.266821,0.03719,0.001567
2444,0.268416,0.039049,0.001623
2445,0.26001,0.033653,0.001581
2446,0.265239,0.03712,0.002552
2447,0.270164,0.040935,0.002025
2448,0.264421,0.036552,0.001567
2449,0.26775,0.038383,0.001942
2450,0.260939,0.03411,0.001082
2451,0.259497,0.033001,0.002164
2452,0.268874,0.038965,0.002192
2453,0.262423,0.034762,0.001748
2454,0.270857,0.039312,0.002095
2455,0.260662,0.033472,0.001554
2456,0.267625,0.038327,0.001512
2457,0.261341,0.033764,0.001748
2458,0.261591,0.034651,0.001887
2459,0.262312,0.03504,0.001859
2460,0.262437,0.03479,0.002164
2461,0.262007,0.034207,0.002025
2462,0.264005,0.03461,0.001609
2463,0.266543,0.036635,0.001457
2464,0.260384,0.033001,0.002081
2465,0.267681,0.037467,0.001359
2466,0.267098,0.036413,0.001359
2467,0.263894,0.035678,0.001692
2468,0.268832,0.038771,0.001248
2469,0.263464,0.035137,0.001457
2470,0.265961,0.035539,0.001221
2471,0.267722,0.037523,0.001373
2472,0.267098,0.036191,0.001623
2473,0.269692,0.038716,0.002039
2474,0.26499,0.035095,0.002233
2475,0.269304,0.037273,0.001373
2476,0.26474,0.03411,0.002344
2477,0.270774,0.038605,0.001637
2478,0.264393,0.034318,0.002192
2479,0.268471,0.036732,0.001789
2480,0.267181,0.036815,0.00129
2481,0.289709,0.038716,0.001581
2482,0.3058,0.043127,0.001373
2483,0.292705,0.038424,0.001748
2484,0.282301,0.038452,0.001276
2485,0.263353,0.033847,0.002025
2486,0.268485,0.036427,0.000874
2487,0.269762,0.035636,0.001235
2488,0.273604,0.034651,0.001429
2489,0.273729,0.034554,0.001346
2490,0.276031,0.040269,0.001637
2491,0.278195,0.038341,0.001734
2492,0.287115,0.035719,0.001443
2493,0.302901,0.041046,0.001054
2494,0.283952,0.038716,0.001013
2495,0.278182,0.036288,0.002136
2496,0.268818,0.034901,0.00147
2497,0.299932,0.039728,0.001193
2498,0.30666,0.044528,0.00111
2499,0.303789,0.041726,0.002011
2500,0.276031,0.037661,0.001595
2501,0.275241,0.037981,0.001706
2502,0.263672,0.032418,0.000902
2503,0.302998,0.040658,0.001359
2504,0.304302,0.043543,0.001512
2505,0.295382,0.041324,0.00129
2506,0.281164,0.037648,0.001595
2507,0.272272,0.0354,0.00154
2508,0.273743,0.039007,0.001262
2509,0.273978,0.038397,0.001332
2510,0.274506,0.035151,0.001609
2511,0.281344,0.037786,0.001221
2512,0.289251,0.039881,0.001193
2513,0.277849,0.037661,0.001817
2514,0.275227,0.039812,0.001235
2515,0.27746,0.038161,0.00154
2516,0.273507,0.035761,0.001359
2517,0.280443,0.038216,0.001845
2518,0.289695,0.038522,0.001429
2519,0.281247,0.038369,0.002414
2520,0.277155,0.039076,0.001346
2521,0.302027,0.041823,0.001235
2522,0.284729,0.038452,0.001678
2523,0.280165,0.036344,0.00129
2524,0.288918,0.038397,0.001789
2525,0.27316,0.03497,0.002469
2526,0.26997,0.035067,0.001651
2527,0.283966,0.038397,0.00129
2528,0.275615,0.036482,0.001179
2529,0.267514,0.03325,0.001096
2530,0.26904,0.036136,0.001443
2531,0.266627,0.034443,0.001706
2532,0.277613,0.036163,0.00104
2533,0.288849,0.040075,0.001082
2534,0.281455,0.036538,0.001373
2535,0.298254,0.040838,0.001512
2536,0.28527,0.039437,0.001914
2537,0.264879,0.033139,0.001623
2538,0.285575,0.038549,0.002081
2539,0.292719,0.040477,0.001235
2540,0.300237,0.044112,0.001179
2541,0.292802,0.039923,0.001332
2542,0.297352,0.042419,0.001179
2543,0.271121,0.036274,0.001248
2544,0.280859,0.037245,0.001526
2545,0.284646,0.039784,0.001332
2546,0.286948,0.040658,0.001248
2547,0.27248,0.035761,0.001346
2548,0.270483,0.035636,0.001429
2549,0.267445,0.034818,0.001817
2550,0.27162,0.03712,0.001318
2551,0.26868,0.03497,0.001623
2552,0.27488,0.035387,0.001221
2553,0.286227,0.038494,0.001276
2554,0.278834,0.038355,0.001984
2555,0.277987,0.037176,0.001401
2556,0.293621,0.040672,0.001665
2557,0.289959,0.041948,0.001373
2558,0.283883,0.038078,0.000999
2559,0.304246,0.041865,0.001692
2560,0.292178,0.044334,0.001859
2561,0.276503,0.037828,0.001609
2562,0.282801,0.041102,0.001914
2563,0.286061,0.039118,0.001359
2564,0.286685,0.04088,0.001151
2565,0.286976,0.03952,0.002441
2566,0.290139,0.04081,0.001803
2567,0.27771,0.037772,0.001956
2568,0.285256,0.040075,0.001401
2569,0.278861,0.037814,0.001706
2570,0.277224,0.036774,0.00147
2571,0.275144,0.036136,0.001734
2572,0.276905,0.038022,0.001554
2573,0.285894,0.038882,0.001387
2574,0.299502,0.042641,0.001235
2575,0.298143,0.042031,0.001567
2576,0.284784,0.039853,0.001346
2577,0.288918,0.038993,0.001484
2578,0.275768,0.037107,0.001498
2579,0.317078,0.045235,0.001318
2580,0.299045,0.043945,0.001235
2581,0.317952,0.048051,0.001873
2582,0.319686,0.046484,0.001332
2583,0.28674,0.039104,0.001457
2584,0.277155,0.037911,0.001304
2585,0.289931,0.040172,0.001512
2586,0.30974,0.045319,0.001443
2587,0.292705,0.041643,0.001165
2588,0.306091,0.042184,0.001457
2589,0.287226,0.039909,0.001845
2590,0.275879,0.036649,0.001831
2591,0.280637,0.038646,0.001262
2592,0.277807,0.037703,0.002275
2593,0.282329,0.038494,0.001498
2594,0.287476,0.040685,0.001873
2595,0.294356,0.043543,0.001956
2596,0.28767,0.040255,0.001914
2597,0.300307,0.04543,0.00172
2598,0.290472,0.03916,0.001623
2599,0.296534,0.042406,0.002108
2600,0.29351,0.041157,0.00154
2601,0.282801,0.0383,0.001512
2602,0.289473,0.040672,0.001651
2603,0.313596,0.046844,0.001346
2604,0.301195,0.043002,0.001193
2605,0.296353,0.0402,0.001068
2606,0.294758,0.041781,0.001567
2607,0.284937,0.040519,0.001346
2608,0.279347,0.039326,0.001359
2609,0.283148,0.039395,0.00111
2610,0.281136,0.037578,0.001082
2611,0.283078,0.037786,0.00147
2612,0.276101,0.034956,0.001956
2613,0.282121,0.040963,0.001984
2614,0.304191,0.045416,0.001817
2615,0.294536,0.043404,0.001165
2616,0.304649,0.045402,0.001429
2617,0.308616,0.047108,0.000971
2618,0.312736,0.047316,0.001623
2619,0.284368,0.042461,0.001665
2620,0.292206,0.043682,0.001748
2621,0.300099,0.044958,0.001581
2622,0.307867,0.043931,0.001831
2623,0.295521,0.042322,0.001789
2624,0.29215,0.043127,0.001873
2625,0.280748,0.03866,0.001789
2626,0.284909,0.04106,0.002192
2627,0.290056,0.041629,0.001498
2628,0.287933,0.040131,0.001457
2629,0.284452,0.039867,0.001623
2630,0.28613,0.041809,0.001235
2631,0.281025,0.038938,0.001484
2632,0.285173,0.040505,0.001623
2633,0.300071,0.042822,0.001151
2634,0.296534,0.042295,0.00129
2635,0.292636,0.041005,0.001734
2636,0.293801,0.042641,0.001332
2637,0.295868,0.043723,0.001956
2638,0.278528,0.039118,0.001526
2639,0.289168,0.041435,0.001332
2640,0.320989,0.051644,0.001151
2641,0.294009,0.041421,0.001706
2642,0.302721,0.04622,0.001581
2643,0.300931,0.045679,0.00147
2644,0.286754,0.042225,0.001359
2645,0.294495,0.04389,0.002108
2646,0.312875,0.044486,0.001096
2647,0.315052,0.044472,0.001859
2648,0.303012,0.044015,0.001637
2649,0.290971,0.040242,0.001498
2650,0.28219,0.038327,0.001859
2651,0.283064,0.040935,0.001401
2652,0.28588,0.040422,0.001054
2653,0.280623,0.040436,0.001401
2654,0.289889,0.041906,0.001554
2655,0.301555,0.04604,0.00129
2656,0.291956,0.040824,0.001554
2657,0.28226,0.039895,0.001845
2658,0.316134,0.048287,0.001928
2659,0.304774,0.042378,0.001623
2660,0.309143,0.04561,0.001706
2661,0.309226,0.04586,0.001429
2662,0.324541,0.048024,0.001415
2663,0.296714,0.045943,0.001859
2664,0.299419,0.045277,0.001235
2665,0.303567,0.044334,0.001235
2666,0.304538,0.045013,0.001346
2667,0.296492,0.039798,0.001235
2668,0.294342,0.0426,0.001859
2669,0.293662,0.044278,0.001609
2670,0.288585,0.042836,0.001179
2671,0.285783,0.038993,0.001221
2672,0.303303,0.051339,0.000943
2673,0.29806,0.048024,0.001484
2674,0.290305,0.041421,0.002275
2675,0.296215,0.043862,0.00172
2676,0.289112,0.044042,0.001346
2677,0.310877,0.04733,0.005105
2678,0.305148,0.044334,0.0043
2679,0.304038,0.045901,0.001346
2680,0.295299,0.041282,0.001512
2681,0.293662,0.039964,0.002469
2682,0.281178,0.038147,0.001498
2683,0.288988,0.04063,0.001332
2684,0.302859,0.047108,0.001262
2685,0.300265,0.045332,0.001401
2686,0.294106,0.042308,0.001262
2687,0.290375,0.040561,0.001581
2688,0.281705,0.038632,0.001165
2689,0.280165,0.036607,0.001581
2690,0.286907,0.040269,0.001415
2691,0.292275,0.043363,0.001318
2692,0.295133,0.042669,0.001207
2693,0.301763,0.04536,0.001068
2694,0.283203,0.04045,0.001498
2695,0.301222,0.042877,0.001429
2696,0.29978,0.0426,0.001956
2697,0.303414,0.043987,0.001276
2698,0.306175,0.047233,0.001318
2699,0.295882,0.042572,0.001956
2700,0.289154,0.040991,0.001498
2701,0.293954,0.043182,0.001054
2702,0.302818,0.044112,0.001332
2703,0.303303,0.044056,0.001554
2704,0.3034,0.043626,0.001137
2705,0.30365,0.044153,0.001387
2706,0.289626,0.042128,0.001873
2707,0.285686,0.039437,0.001193
2708,0.287476,0.041504,0.001151
2709,0.289529,0.040547,0.001554
2710,0.284368,0.038924,0.001332
2711,0.290347,0.043127,0.001068
2712,0.29351,0.044958,0.000749
2713,0.286948,0.040006,0.001706
2714,0.289043,0.040907,0.000971
2715,0.284882,0.038938,0.000957
2716,0.294328,0.042225,0.001221
2717,0.296686,0.045083,0.001484
2718,0.294439,0.044015,0.000916
2719,0.291609,0.042211,0.000999
2720,0.289459,0.040921,0.001068
2721,0.288516,0.039756,0.000902
2722,0.290708,0.04192,0.001387
2723,0.29086,0.042045,0.001179
2724,0.297782,0.046539,0.000985
2725,0.284993,0.038161,0.000805
2726,0.291027,0.041462,0.000874
2727,0.287753,0.039326,0.001124
2728,0.289237,0.040796,0.001262
2729,0.287365,0.038854,0.00147
2730,0.284091,0.03755,0.000777
2731,0.289223,0.040796,0.000888
2732,0.298809,0.046068,0.000902
2733,0.293981,0.042641,0.001068
2734,0.290777,0.04149,0.000624
2735,0.290125,0.039812,0.001013
2736,0.294495,0.043252,0.000985
2737,0.292025,0.041546,0.001207
2738,0.295521,0.044306,0.001151
2739,0.297796,0.043085,0.001623
2740,0.296562,0.043307,0.001054
2741,0.295577,0.043474,0.000957
2742,0.29172,0.041213,0.000929
2743,0.295923,0.044001,0.001193
2744,0.293884,0.040158,0.000749
2745,0.294328,0.041823,0.000888
2746,0.29093,0.039423,0.001332
2747,0.295313,0.042059,0.000721
2748,0.293218,0.040921,0.001526
2749,0.292983,0.041435,0.000721
2750,0.293288,0.041365,0.001096
2751,0.294509,0.041767,0.000805
2752,0.296478,0.043141,0.000805
2753,0.297671,0.043765,0.000916
2754,0.29609,0.042836,0.001179
2755,0.296825,0.043543,0.001359
2756,0.297657,0.04321,0.001027
2757,0.298309,0.044681,0.00111
2758,0.300501,0.04604,0.001346
2759,0.299461,0.044431,0.000971
2760,0.29713,0.043071,0.001221
2761,0.296811,0.042517,0.001193
2762,0.296978,0.04296,0.000888
2763,0.299683,0.045277,0.001998
2764,0.294994,0.041906,0.001276
2765,0.297422,0.044237,0.001165
2766,0.297352,0.042558,0.001054
2767,0.301111,0.047066,0.001332
2768,0.292303,0.040533,0.001235
2769,0.29473,0.040991,0.000943
2770,0.2972,0.043404,0.001401
2771,0.292497,0.040741,0.000735
2772,0.296908,0.043682,0.001734
2773,0.301555,0.047316,0.000791
2774,0.300362,0.045194,0.001054
2775,0.28957,0.038702,0.000763
2776,0.330824,0.047496,0.00086
2777,0.305661,0.042558,0.001221
2778,0.317189,0.044694,0.001637
2779,0.309323,0.045249,0.001137
2780,0.303331,0.043182,0.000735
2781,0.31017,0.047913,0.00086
2782,0.331463,0.049619,0.000777
2783,0.305037,0.043307,0.000971
2784,0.312389,0.045624,0.000985
2785,0.321308,0.05034,0.001373
2786,0.318382,0.046623,0.001124
2787,0.310475,0.043751,0.001235
2788,0.301652,0.043099,0.000805
2789,0.296686,0.039923,0.00086
2790,0.311945,0.047066,0.00086
2791,0.315066,0.048301,0.000985
2792,0.300376,0.042281,0.000916
2793,0.301958,0.043058,0.00111
2794,0.297671,0.041587,0.000957
2795,0.308366,0.048717,0.001207
2796,0.303192,0.042489,0.00104
2797,0.332961,0.049383,0.000846
2798,0.331948,0.050909,0.000874
2799,0.311349,0.043779,0.00104
2800,0.312777,0.047039,0.001526
2801,0.325567,0.049785,0.000874
2802,0.329534,0.048925,0.001137
2803,0.332961,0.049827,0.000721
2804,0.325179,0.050049,0.000929
2805,0.31017,0.045097,0.001096
2806,0.327426,0.050645,0.000777
2807,0.338412,0.050687,0.000763
2808,0.326829,0.050798,0.001332
2809,0.314303,0.046858,0.001137
2810,0.304815,0.045388,0.000888
,,,0.00104
,,,0.00104
,,,0.001457
,,,0.001137
,,,0.001235
