,over 500us,over 1ms
1,0.014773,0.003356934
2,0.01229,0.002080744
3,0.019295,0.008073287
4,0.012027,0.001803311
5,0.013622,0.001817183
6,0.013594,0.001581365
7,0.014121,0.001581365
8,0.016424,0.001733953
9,0.233737,0.219795921
10,0.040977,0.015688809
11,0.013636,0.001442649
12,0.01186,0.002080744
13,0.012221,0.001581365
14,0.023082,0.007393577
15,0.028797,0.001525879
16,0.016133,0.001831055
17,0.231726,0.218491988
18,0.012804,0.001456521
19,0.039714,0.017200817
20,0.012582,0.001401034
21,0.01555,0.001220703
22,0.012304,0.002399791
23,0.015065,0.001331676
24,0.243572,0.223860307
25,0.027188,0.00238592
26,0.01211,0.001470392
27,0.013983,0.001595237
28,0.012679,0.001678467
29,0.012609,0.001317805
30,0.019462,0.002441406
31,0.018186,0.008073287
32,0.043807,0.001373291
33,0.353976,0.001317805
34,0.239508,0.21953236
35,0.049119,0.015938499
36,0.038868,0.001414906
37,0.040963,0.002094616
38,0.261494,0.001373291
39,0.279166,0.001955899
40,0.313568,0.002316562
41,0.118464,0.002094616
42,0.280734,0.22619074
43,0.186823,0.003287575
44,0.087308,0.018768311
45,0.072479,0.004827326
46,0.274741,0.003717596
47,0.110834,0.00349565
48,0.023346,0.005590265
49,0.058635,0.005298961
50,0.251187,0.222278942
51,0.084825,0.008378462
52,0.105355,0.014745539
53,0.078541,0.011166659
54,0.299405,0.023651123
55,0.051741,0.01159668
56,0.037634,0.013358376
57,0.031697,0.016326904
58,0.286324,0.236400257
59,0.037731,0.022569136
60,0.221461,0.019808683
61,0.263422,0.023803711
62,0.09355,0.026078658
63,0.084423,0.044957941
64,0.050285,0.03028176
65,0.084839,0.036288175
66,0.240354,0.226218484
67,0.050673,0.003259832
68,0.038189,0.001858798
69,0.014413,0.002011386
70,0.01358,0.002066872
71,0.013289,0.00238592
72,0.017978,0.005992543
73,0.026495,0.013677424
74,0.300917,0.221418901
75,0.049078,0.002926913
76,0.048176,0.002635609
77,0.034443,0.003093373
78,0.016022,0.002274947
79,0.072313,0.003981157
80,0.163408,0.001844926
81,0.33697,0.010459206
82,0.077112,0.025565407
83,0.434126,0.204245827
84,0.208865,0.002538508
85,0.023415,0.002080744
86,0.120336,0.004397306
87,0.04414,0.002496893
88,0.023693,0.001692338
89,0.266543,0.01048695
90,0.237108,0.001775568
91,0.299683,0.221085982
92,0.055431,0.002788197
93,0.044556,0.001997514
94,0.137426,0.007435192
95,0.159746,0.002593994
96,0.050687,0.002566251
97,0.072951,0.011887984
98,0.018963,0.001955899
99,0.236927,0.221169212
100,0.016826,0.003620494
101,0.017104,0.002649481
102,0.055043,0.002718839
103,0.012984,0.002524636
104,0.016022,0.002066872
105,0.027175,0.016368519
106,0.01401,0.003454035
107,0.384799,0.197920366
108,0.297768,0.003148859
109,0.069192,0.00246915
110,0.016993,0.002288818
111,0.013261,0.003814697
112,0.024123,0.002552379
113,0.022763,0.011416349
114,0.054363,0.003273704
115,0.348275,0.226690119
116,0.028811,0.005132502
117,0.01193,0.002066872
118,0.011749,0.002163974
119,0.011763,0.002677224
120,0.094882,0.004383434
121,0.022056,0.011152788
122,0.021057,0.002607866
123,0.232391,0.221571489
124,0.038438,0.003204346
125,0.109322,0.009280118
126,0.208449,0.00332919
127,0.192663,0.00230269
128,0.152075,0.004036643
129,0.021335,0.003384677
130,0.063324,0.011041815
131,0.303789,0.220309171
132,0.271773,0.003800826
133,0.242878,0.0029824
134,0.044195,0.00238592
135,0.065849,0.002274947
136,0.059079,0.009571422
137,0.016036,0.002413663
138,0.034915,0.011610551
139,0.027674,0.003315319
140,0.265115,0.221335671
141,0.223624,0.003343062
142,0.14131,0.002524636
143,0.141407,0.001858798
144,0.016577,0.003509521
145,0.031197,0.002372048
146,0.093744,0.019933527
147,0.022417,0.002399791
148,0.226524,0.202692205
149,0.040061,0.003634366
150,0.234181,0.003065629
151,0.207575,0.003148859
152,0.085782,0.003592751
153,0.032279,0.003024015
154,0.054696,0.010958585
155,0.058275,0.004050515
156,0.245098,0.230116411
157,0.152824,0.005493164
158,0.01838,0.004272461
159,0.032432,0.003232089
160,0.019767,0.0050354
161,0.021279,0.001720082
162,0.041102,0.010847612
163,0.013289,0.001844926
164,0.247414,0.220434015
165,0.013303,0.003245961
166,0.055348,0.002663352
167,0.354295,0.007282604
168,0.085186,0.003093373
169,0.100597,0.003565008
170,0.072992,0.011069558
171,0.205023,0.00178944
172,0.232572,0.221516002
173,0.031752,0.002455278
174,0.049674,0.002025257
175,0.016008,0.00170621
176,0.13891,0.00417536
177,0.371246,0.003426292
178,0.145458,0.007296475
179,0.055001,0.011790882
180,0.246013,0.220198198
181,0.093092,0.004258589
182,0.088778,0.001303933
183,0.17284,0.002649481
184,0.152047,0.001650724
185,0.153115,0.002718839
186,0.100333,0.002704967
187,0.153989,0.010528564
188,0.030143,0.013330633
189,0.268263,0.193079168
190,0.174311,0.003037886
191,0.073034,0.002080744
192,0.029075,0.00178944
193,0.01451,0.002940785
194,0.010709,0.002274947
195,0.05962,0.010265004
196,0.083798,0.0029824
197,0.321808,0.221973766
198,0.225816,0.010029186
199,0.012387,0.00213623
200,0.042031,0.002233332
201,0.051963,0.002496893
202,0.217826,0.001997514
203,0.019975,0.010639537
204,0.014205,0.002247203
205,0.255959,0.221252441
206,0.018532,0.004716353
207,0.026814,0.002163974
208,0.012928,0.002122359
209,0.017492,0.008420077
210,0.015287,0.003176602
211,0.064142,0.010875355
212,0.09939,0.002150102
213,0.450814,0.221529874
214,0.205578,0.004216974
215,0.035581,0.002538508
216,0.13658,0.002566251
217,0.247179,0.002039129
218,0.225788,0.002857555
219,0.099751,0.01739502
220,0.148621,0.001900413
221,0.249689,0.220988881
222,0.066528,0.00246915
223,0.012013,0.001983643
224,0.014399,0.002524636
225,0.012776,0.001248446
226,0.01358,0.003356934
227,0.211792,0.006880327
228,0.249273,0.005465421
229,0.659915,0.19642223
230,0.052976,0.008309104
231,0.106479,0.002413663
232,0.102622,0.002788197
233,0.10093,0.004563765
234,0.020946,0.003648238
235,0.027258,0.00221946
236,0.038535,0.011471835
237,0.171356,0.085046942
238,0.180068,0.141643177
239,0.021085,0.003537265
240,0.217244,0.008212003
241,0.357333,0.00230269
242,0.105619,0.004258589
243,0.066792,0.002330433
244,0.021029,0.01151345
245,0.013247,0.00246915
246,0.282357,0.221557617
247,0.079803,0.003870184
248,0.053461,0.002122359
249,0.013386,0.002427535
250,0.017409,0.003481778
251,0.018463,0.007532293
252,0.024691,0.012720281
253,0.03848,0.002330433
254,0.276753,0.22158536
255,0.065502,0.002926913
256,0.016258,0.002760454
257,0.091095,0.004036643
258,0.263283,0.003384677
259,0.050409,0.002358176
260,0.023665,0.011471835
261,0.032695,0.007518422
262,0.304676,0.221016624
263,0.0651,0.003218217
264,0.049425,0.002233332
265,0.044778,0.002441406
266,0.047275,0.0040089
267,0.020807,0.003786954
268,0.302526,0.01075051
269,0.246402,0.003606623
270,0.447471,0.203663219
271,0.031364,0.011568936
272,0.069705,0.002913042
273,0.268471,0.002593994
274,0.121918,0.003093373
275,0.108296,0.003565008
276,0.13744,0.011652166
277,0.077626,0.003537265
278,0.286186,0.222154097
279,0.01666,0.004771839
280,0.454948,0.002691096
281,0.312195,0.003024015
282,0.52622,0.007268732
283,0.013872,0.003800826
284,0.014954,0.002871427
285,0.029907,0.013857755
286,0.232683,0.220975009
287,0.018852,0.004896684
288,0.113512,0.002330433
289,0.319491,0.002940785
290,0.096311,0.003232089
291,0.418632,0.003509521
292,0.029338,0.012484464
293,0.026911,0.011874112
294,0.025385,0.012761896
295,0.239605,0.220628218
296,0.01598,0.003828569
297,0.017007,0.003870184
298,0.045513,0.001831055
299,0.082578,0.002802069
300,0.122903,0.00178944
301,0.058982,0.010930842
302,0.01315,0.002580123
303,0.282426,0.2263572
304,0.575256,0.002746582
305,0.336581,0.001803311
306,0.228688,0.00187267
307,0.125053,0.004494407
308,0.164587,0.00213623
309,0.22049,0.011929599
310,0.098114,0.002066872
311,0.233168,0.202456388
312,0.074768,0.004536022
313,0.15385,0.00750455
314,0.198212,0.002413663
315,0.06503,0.003606623
316,0.353616,0.002510764
317,0.295715,0.011457963
318,0.333252,0.002372048
319,0.559512,0.222167969
320,0.048606,0.003162731
321,0.015078,0.003467907
322,0.01709,0.002108487
323,0.344474,0.003079501
324,0.339411,0.008406206
325,0.183855,0.01108343
326,0.078111,0.002039129
327,0.461523,0.223416415
328,0.248691,0.003648238
329,0.135997,0.002247203
330,0.033555,0.002593994
331,0.158844,0.001817183
332,0.398296,0.002372048
333,0.328827,0.002829812
334,0.399614,0.016451749
335,0.319394,0.221391158
336,0.01315,0.00349565
337,0.015106,0.003703724
338,0.011624,0.002011386
339,0.095631,0.002163974
340,0.022417,0.002344305
341,0.012845,0.001484264
342,0.021834,0.010764382
343,0.061701,0.047607422
344,0.274797,0.1762945
345,0.082023,0.008461692
346,0.016327,0.002940785
347,0.015287,0.002857555
348,0.083937,0.004272461
349,0.128923,0.001761697
350,0.063477,0.011735396
351,0.113706,0.002316562
352,0.27298,0.206548517
353,0.020225,0.003148859
354,0.048634,0.002025257
355,0.01985,0.007532293
356,0.013858,0.002524636
357,0.09115,0.003800826
358,0.027133,0.01032049
359,0.11347,0.00230269
360,0.264879,0.22115534
361,0.117063,0.002857555
362,0.120794,0.00281594
363,0.071966,0.001997514
364,0.08488,0.00289917
365,0.088168,0.009363348
366,0.024012,0.010597923
367,0.150119,0.002871427
368,0.469277,0.220669833
369,0.391138,0.003148859
370,0.098433,0.002233332
371,0.045332,0.002247203
372,0.013636,0.001900413
373,0.017589,0.003343062
374,0.047732,0.011125044
375,0.164323,0.002247203
376,0.472981,0.227702748
377,0.110945,0.0050354
378,0.451743,0.002011386
379,0.315815,0.001942028
380,0.183133,0.002191717
381,0.016382,0.003356934
382,0.021126,0.007684881
383,0.15858,0.006283847
384,0.290902,0.222653476
385,0.079748,0.003162731
386,0.04733,0.009085915
387,0.020225,0.003870184
388,0.014191,0.002108487
389,0.025524,0.004355691
390,0.021792,0.002871427
391,0.029658,0.010722767
392,0.163144,0.079637007
393,0.180081,0.117811723
394,0.051408,0.003190474
395,0.019656,0.003273704
396,0.274741,0.002496893
397,0.057068,0.009945956
398,0.07567,0.026508678
399,0.036801,0.011457963
400,0.094785,0.007268732
401,0.269526,0.217493231
402,0.01322,0.003662109
403,0.049203,0.004425049
404,0.100458,0.00349565
405,0.072992,0.00332919
406,0.114899,0.008988814
407,0.012207,0.00238592
408,0.233903,0.003079501
409,0.310697,0.011249889
410,0.152005,0.003190474
411,0.290652,0.221807306
412,0.114385,0.008378462
413,0.069788,0.002233332
414,0.099668,0.003634366
415,0.322182,0.002177845
416,0.293066,0.003024015
417,0.211417,0.005687367
418,0.264574,0.007684881
419,0.401043,0.221737948
420,0.174991,0.006436435
421,0.039409,0.002247203
422,0.027632,0.009183017
423,0.187961,0.002913042
424,0.371995,0.004036643
425,0.442158,0.001900413
426,0.935516,0.011402477
427,0.148537,0.086808638
428,0.15521,0.137495561
429,0.04862,0.003024015
430,0.376642,0.002483021
431,0.624778,0.002122359
432,0.160065,0.003537265
433,0.202914,0.009432706
434,0.509311,0.012082187
435,0.141102,0.007768111
436,0.308061,0.200694691
437,0.14561,0.005396063
438,0.155584,0.004147616
439,0.203386,0.003995028
440,0.520033,0.005534779
441,0.015023,0.004203103
442,0.190776,0.012345748
443,0.374021,0.009377219
444,0.471455,0.223152854
445,0.135789,0.005132502
446,0.070995,0.004230846
447,0.136108,0.005146373
448,0.044944,0.00452215
449,0.01813,0.003759211
450,0.295785,0.014828769
451,0.014482,0.003232089
452,0.392789,0.222001509
453,0.056291,0.01040372
454,0.0354,0.002635609
455,0.054196,0.003024015
456,0.052962,0.00273271
457,0.015467,0.003343062
458,0.072632,0.012096058
459,0.36334,0.002053001
460,0.700101,0.223610618
461,0.762926,0.004813454
462,0.094285,0.003662109
463,0.603887,0.003010143
464,0.128604,0.007754239
465,0.163019,0.003537265
466,0.195493,0.010639537
467,0.857974,0.003315319
468,0.389432,0.221932151
469,1.100825,0.003689853
470,0.21261,0.004314076
471,0.295327,0.002802069
472,0.332642,0.002746582
473,0.016049,0.003731468
474,0.084215,0.002274947
475,0.527954,0.017353405
476,1.054923,0.128645463
477,0.281802,0.067929355
478,0.271274,0.004244718
479,0.170357,0.002649481
480,0.119976,0.004702481
481,0.070468,0.00452215
482,0.191803,0.002635609
483,0.208921,0.011832497
484,0.278348,0.034914884
485,0.427496,0.194896351
486,0.080317,0.003759211
487,0.122029,0.003689853
488,0.140145,0.002940785
489,0.157734,0.003953414
490,0.17954,0.003565008
491,0.172924,0.012345748
492,0.014954,0.002399791
493,0.538108,0.221626975
494,0.432712,0.003745339
495,0.392789,0.008378462
496,0.128618,0.002926913
497,0.040186,0.003731468
498,0.045305,0.003037886
499,0.022749,0.011208274
500,0.099973,0.004078258
501,0.233099,0.221502131
502,0.062006,0.004577637
503,0.017145,0.002774325
504,0.316981,0.00230269
505,0.742409,0.003079501
506,0.139146,0.007726496
507,0.101679,0.012040572
508,0.013553,0.003162731
509,0.345126,0.221807306
510,0.232475,0.004244718
511,0.932367,0.003232089
512,0.450537,0.002163974
513,0.191082,0.002427535
514,0.193176,0.003079501
515,0.822407,0.012428977
516,0.039382,0.010514693
517,0.274367,0.203025124
518,0.134444,0.004230846
519,0.405579,0.00443892
520,0.240451,0.004341819
521,0.013664,0.002802069
522,0.362299,0.003786954
523,0.232086,0.003773082
524,0.228951,0.008988814
525,0.473189,0.220600475
526,0.152824,0.011624423
527,0.016493,0.003010143
528,0.085047,0.002760454
529,0.034138,0.002996271
530,0.287462,0.005839955
531,0.314456,0.001928156
532,0.074158,0.010736639
533,0.181607,0.061714866
534,0.323944,0.161868009
535,0.075725,0.00289917
536,0.037564,0.002330433
537,0.018477,0.00733809
538,0.095839,0.00468861
539,0.149786,0.002857555
540,0.245847,0.011444092
541,0.151159,0.008253618
542,0.259705,0.218034224
543,0.015938,0.003273704
544,0.033805,0.003065629
545,0.016382,0.001942028
546,0.053669,0.003343062
547,0.370719,0.003551136
548,0.20014,0.016645952
549,0.014357,0.003370805
550,0.270483,0.222084739
551,0.127952,0.004314076
552,0.020752,0.002663352
553,0.015855,0.001969771
554,0.056263,0.002704967
555,0.362563,0.002871427
556,0.687658,0.01108343
557,0.205314,0.002954656
558,0.401736,0.212263627
559,0.036108,0.00409213
560,0.113512,0.002358176
561,0.098877,0.003717596
562,0.035317,0.003010143
563,0.017145,0.003093373
564,0.025454,0.011763139
565,0.039354,0.002205589
566,0.396201,0.221765692
567,0.104703,0.003190474
568,0.12619,0.009862726
569,0.170912,0.003134988
570,0.255266,0.002316562
571,0.20505,0.006547408
572,0.079651,0.005923184
573,0.065516,0.008170388
574,0.497658,0.221696333
575,0.492165,0.004341819
576,0.275657,0.00230269
577,0.131239,0.002566251
578,0.057581,0.002427535
579,0.07653,0.008198131
580,0.05722,0.003162731
581,0.081426,0.011666038
582,0.282731,0.093786066
583,0.274894,0.129866167
584,0.278639,0.003162731
585,0.213318,0.003107244
586,0.135221,0.002150102
587,0.052338,0.002968528
588,0.013705,0.002150102
589,0.044001,0.018046986
590,0.041976,0.028811368
591,0.376726,0.196671919
592,0.026023,0.002663352
593,0.126301,0.001969771
594,0.089125,0.003537265
595,0.023388,0.003897927
596,0.044528,0.002968528
597,0.023818,0.011291504
598,0.167417,0.002843683
599,0.383315,0.208781849
600,0.018047,0.008114901
601,0.074851,0.004730225
602,0.018422,0.003939542
603,0.012748,0.003440163
604,0.013442,0.002233332
605,0.085713,0.010375977
606,0.016452,0.002177845
607,0.272966,0.221640847
608,0.060702,0.00349565
609,0.027077,0.002441406
610,0.183466,0.007657138
611,0.523363,0.00341242
612,0.193898,0.003315319
613,0.187309,0.013372248
614,0.019739,0.002011386
615,0.279375,0.221710205
616,0.020849,0.003398548
617,0.094882,0.002580123
618,0.014496,0.002704967
619,0.050201,0.002510764
620,0.280748,0.003398548
621,0.281927,0.014606823
622,0.266682,0.005132502
623,0.402998,0.222917037
624,0.036801,0.002843683
625,0.130601,0.001886541
626,0.329215,0.002663352
627,0.505316,0.00170621
628,0.012887,0.002774325
629,0.162659,0.003065629
630,0.13529,0.010500821
631,0.219685,0.151145241
632,0.102858,0.080288974
633,0.141491,0.002566251
634,0.013594,0.002025257
635,0.108157,0.00187267
636,0.021806,0.003176602
637,0.130102,0.002066872
638,0.380235,0.011125044
639,0.184298,0.045152144
640,0.360371,0.157304244
641,0.291679,0.01075051
642,0.140325,0.002094616
643,0.013053,0.003273704
644,0.014232,0.003426292
645,0.094993,0.002261075
646,0.078389,0.009737882
647,0.046012,0.00674161
648,0.237815,0.216508345
649,0.045083,0.002968528
650,0.043169,0.002788197
651,0.0847,0.005243475
652,0.0469,0.008517179
653,0.015273,0.002094616
654,0.022791,0.01194347
655,0.282093,0.001775568
656,0.462688,0.221932151
657,0.15711,0.003107244
658,0.160536,0.00187267
659,0.099376,0.002205589
660,0.015009,0.002746582
661,0.065543,0.004022772
662,0.312306,0.01833829
663,0.551869,0.001775568
664,0.516538,0.22123857
665,0.017742,0.003010143
666,0.212708,0.001831055
667,0.334528,0.001886541
668,0.102775,0.00289917
669,0.030004,0.003204346
670,0.023956,0.011874112
671,0.17789,0.002593994
672,0.842826,0.221127597
673,0.436277,0.008225874
674,0.323847,0.003467907
675,0.043543,0.001733953
676,0.014787,0.002274947
677,0.067902,0.003939542
678,0.139826,0.005673495
679,0.051894,0.007365834
680,0.228258,0.196824507
681,0.218464,0.006561279
682,0.396035,0.003218217
683,0.182994,0.007435192
684,0.214566,0.002413663
685,0.23941,0.003287575
686,0.176295,0.002621737
687,0.128077,0.012276389
688,0.087322,0.073242188
689,0.190707,0.151949796
690,0.279499,0.003689853
691,0.397866,0.003953414
692,0.15987,0.002427535
693,0.088154,0.003786954
694,0.02164,0.007823597
695,0.021723,0.012082187
696,0.036843,0.024705367
697,0.212042,0.200125954
698,0.079942,0.003065629
699,0.127009,0.002746582
700,0.011902,0.002011386
701,0.275671,0.004189231
702,0.681971,0.002788197
703,0.195659,0.012276389
704,0.073214,0.010944713
705,0.2838,0.221099854
706,0.163297,0.003287575
707,0.113317,0.002358176
708,0.138786,0.003356934
709,0.422127,0.003759211
710,0.174782,0.002163974
711,0.021459,0.012276389
712,0.062922,0.002455278
713,0.353102,0.221765692
714,0.192386,0.003204346
715,0.15059,0.007615523
716,0.025108,0.00187267
717,0.096671,0.002538508
718,0.225872,0.003481778
719,0.272855,0.010861483
720,0.060508,0.002150102
721,0.019254,0.006353205
722,0.013414,0.0040089
723,0.023388,0.005756725
724,0.234916,0.006783225
725,0.267084,0.221543746
726,0.015453,0.00341242
727,0.050077,0.0040089
728,0.023388,0.003842441
729,0.129395,0.002649481
730,0.11021,0.002968528
731,0.188668,0.009474321
732,0.176447,0.009987571
733,0.492151,0.102303245
734,0.46524,0.122056441
735,0.119407,0.002954656
736,0.017007,0.002358176
737,0.017714,0.002358176
738,0.082911,0.004203103
739,0.096241,0.002372048
740,0.336442,0.010986328
741,0.309601,0.04119873
742,0.253518,0.18959739
743,0.048204,0.003301447
744,0.017423,0.002011386
745,0.058289,0.00187267
746,0.153379,0.002926913
747,0.123499,0.002926913
748,0.12085,0.012858998
749,0.228715,0.003911799
750,0.451868,0.219560103
751,0.014177,0.003634366
752,0.015883,0.002940785
753,0.101984,0.007462935
754,0.015217,0.00409213
755,0.061313,0.002163974
756,0.075073,0.010722767
757,0.075878,0.003121116
758,0.266932,0.203621604
759,0.386561,0.003842441
760,0.368111,0.004744096
761,0.019684,0.002871427
762,0.075725,0.002330433
763,0.080178,0.008406206
764,0.019975,0.008281361
765,0.018865,0.003176602
766,0.23124,0.221516002
767,0.01573,0.003953414
768,0.048467,0.014967485
769,0.184298,0.016132702
770,0.221239,0.003232089
771,0.172078,0.003315319
772,0.076752,0.009446578
773,0.030115,0.011652166
774,0.390209,0.222417658
775,0.219019,0.003204346
776,0.151825,0.002441406
777,0.052643,0.002593994
778,0.216051,0.00409213
779,0.350855,0.004133745
780,0.223957,0.00443892
781,0.100333,0.01075051
782,0.192497,0.13893821
783,0.180747,0.084769509
784,0.147414,0.008322976
785,0.421101,0.001942028
786,0.336331,0.002413663
787,0.092801,0.003190474
788,0.082176,0.00443892
789,0.022597,0.011291504
790,0.204953,0.060854825
791,0.512154,0.162450617
792,0.139951,0.003273704
793,0.012373,0.001900413
794,0.075281,0.009474321
795,0.013455,0.003190474
796,0.0158,0.003648238
797,0.025773,0.011152788
798,0.033014,0.02166748
799,0.474313,0.183022239
800,0.347928,0.004078258
801,0.014274,0.002344305
802,0.063047,0.004425049
803,0.211098,0.002968528
804,0.068803,0.002150102
805,0.056832,0.016854026
806,0.043654,0.002691096
807,0.229659,0.220600475
808,0.01537,0.006061901
809,0.018061,0.002483021
810,0.014177,0.002288818
811,0.049702,0.003454035
812,0.167222,0.002066872
813,0.026744,0.01219316
814,0.051977,0.003232089
815,0.446569,0.227522417
816,0.049008,0.003717596
817,0.031849,0.003093373
818,0.038591,0.002871427
819,0.21096,0.002163974
820,0.381747,0.003051758
821,0.212721,0.011541193
822,0.197033,0.002177845
823,0.319561,0.221848921
824,0.019767,0.002774325
825,0.096311,0.00213623
826,0.344738,0.007684881
827,0.560358,0.001969771
828,0.230782,0.003884055
829,0.085394,0.006713867
830,0.235859,0.007365834
831,0.28914,0.200472745
832,0.045652,0.024538907
833,0.073242,0.001914284
834,0.013719,0.002247203
835,0.098294,0.003315319
836,0.170094,0.009779497
837,0.071064,0.003204346
838,0.054724,0.012165416
839,0.092621,0.07130016
840,0.282926,0.127452504
841,0.328008,0.003315319
842,0.054044,0.002372048
843,0.014399,0.003218217
844,0.017728,0.003842441
845,0.033847,0.001969771
846,0.086531,0.017769553
847,0.098211,0.034956499
848,0.311127,0.189042525
849,0.089985,0.003162731
850,0.02447,0.00238592
851,0.014413,0.00246915
852,0.027175,0.003606623
853,0.015162,0.00230269
854,0.024123,0.0120267
855,0.097531,0.005229603
856,0.314303,0.220059482
857,0.161258,0.009196888
858,0.118159,0.00289917
859,0.014385,0.002233332
860,0.01899,0.003370805
861,0.107006,0.00273271
862,0.295896,0.012068315
863,0.182384,0.002649481
864,0.285145,0.221127597
865,0.049993,0.003315319
866,0.281594,0.002274947
867,0.249551,0.008711381
868,0.064656,0.004244718
869,0.014926,0.003010143
870,0.070093,0.011305376
871,0.361675,0.003024015
872,0.387698,0.22175182
873,0.133778,0.003995028
874,0.10136,0.003065629
875,0.015259,0.002483021
876,0.08341,0.001914284
877,0.304995,0.002843683
878,0.208088,0.0130532
879,0.13074,0.006658381
880,0.345681,0.202664462
881,0.154891,0.003301447
882,0.164087,0.002496893
883,0.062811,0.003232089
884,0.156527,0.003565008
885,0.269817,0.00443892
886,0.138342,0.003995028
887,0.091331,0.010930842
888,0.127244,0.112263073
889,0.479084,0.120710893
890,0.235457,0.003273704
891,0.21544,0.001983643
892,0.094077,0.003675981
893,0.016563,0.0029824
894,0.014426,0.002496893
895,0.026509,0.012345748
896,0.069081,0.05501487
897,0.18914,0.168998025
898,0.038036,0.005146373
899,0.018255,0.008364591
900,0.159108,0.003065629
901,0.164712,0.003509521
902,0.112665,0.003356934
903,0.089569,0.011457963
904,0.035442,0.019891912
905,0.45062,0.204717463
906,0.100708,0.004216974
907,0.232267,0.002344305
908,0.426039,0.002205589
909,0.315108,0.009460449
910,0.075906,0.002455278
911,0.045041,0.012512207
912,0.054266,0.004619252
913,0.421822,0.221474387
914,0.176225,0.003287575
915,0.047926,0.002483021
916,0.086642,0.003148859
917,0.181427,0.002316562
918,0.200362,0.00289917
919,0.026259,0.012526079
920,0.017783,0.007518422
921,0.341297,0.199737549
922,0.137204,0.003717596
923,0.026994,0.002580123
924,0.033805,0.002177845
925,0.071883,0.00273271
926,0.170052,0.004244718
927,0.278487,0.008489435
928,0.185047,0.005187988
929,0.264088,0.223180597
930,0.144362,0.009196888
931,0.015231,0.002718839
932,0.048925,0.002330433
933,0.059509,0.00281594
934,0.017076,0.003620494
935,0.068997,0.005770597
936,0.108587,0.007851341
937,0.173714,0.132890181
938,0.106465,0.092107599
939,0.030129,0.004841198
940,0.01659,0.004286333
941,0.019073,0.007629395
942,0.064323,0.003426292
943,0.122778,0.003953414
944,0.128618,0.011652166
945,0.085116,0.066667037
946,0.219005,0.158164284
947,0.027133,0.004536022
948,0.072771,0.003467907
949,0.057664,0.004799583
950,0.070246,0.003773082
951,0.151922,0.008364591
952,0.38681,0.011416349
953,0.20426,0.033638694
954,0.265128,0.192052668
955,0.059343,0.004119873
956,0.115634,0.002191717
957,0.103038,0.003523393
958,0.100472,0.004591508
959,0.283425,0.003786954
960,0.186268,0.010930842
961,0.069899,0.003967285
962,0.354739,0.207977295
963,0.084686,0.003967285
964,0.074615,0.003024015
965,0.156652,0.002274947
966,0.118186,0.002607866
967,0.0493,0.003717596
968,0.025108,0.011360862
969,0.015814,0.00417536
970,0.231906,0.221640847
971,0.016604,0.003620494
972,0.019143,0.007768111
973,0.016341,0.002913042
974,0.01297,0.002677224
975,0.015162,0.003717596
976,0.021307,0.011055686
977,0.014746,0.002968528
978,0.48577,0.221613104
979,0.142226,0.004286333
980,0.075767,0.00289917
981,0.22651,0.003037886
982,0.029796,0.008933327
983,0.137052,0.00341242
984,0.165655,0.005937056
985,0.019767,0.007657138
986,0.221724,0.173575661
987,0.096907,0.051463734
988,0.047302,0.002344305
989,0.111126,0.004425049
990,0.078888,0.00230269
991,0.01229,0.003356934
992,0.016022,0.003176602
993,0.354087,0.015466863
994,0.369221,0.083146529
995,0.237413,0.141476718
996,0.035858,0.00332919
997,0.030656,0.003315319
998,0.027313,0.002760454
999,0.072188,0.003995028
1000,0.087377,0.00238592
1001,0.237982,0.011624423
1002,0.153642,0.040019642
1003,0.345598,0.170648748
1004,0.013885,0.003939542
1005,0.014191,0.003370805
1006,0.104953,0.003523393
1007,0.025732,0.003606623
1008,0.201305,0.002621737
1009,0.417453,0.013677424
1010,0.152283,0.018740567
1011,0.250424,0.206604004
1012,0.322224,0.003995028
1013,0.454906,0.002649481
1014,0.352339,0.007809726
1015,0.157582,0.003842441
1016,0.322959,0.002150102
1017,0.146581,0.011610551
1018,0.113914,0.003689853
1019,0.30992,0.222958651
1020,0.02619,0.003010143
1021,0.026259,0.00520186
1022,0.381428,0.003426292
1023,0.418701,0.002843683
1024,0.370567,0.008628152
1025,0.128659,0.012761896
1026,0.015203,0.003190474
1027,0.329534,0.221654719
1028,0.306133,0.003967285
1029,0.224013,0.003842441
1030,0.170996,0.002108487
1031,0.071286,0.002427535
1032,0.110085,0.003551136
1033,0.104953,0.007532293
1034,0.021168,0.00742132
1035,0.626096,0.226731734
1036,0.165905,0.003731468
1037,0.312292,0.002552379
1038,0.139687,0.002704967
1039,0.094119,0.003259832
1040,0.021515,0.003384677
1041,0.014815,0.004411177
1042,0.026578,0.010306618
1043,0.142184,0.094951283
1044,0.430201,0.109655207
1045,0.03755,0.008392334
1046,0.017118,0.003037886
1047,0.021654,0.003134988
1048,0.256098,0.004064387
1049,0.146276,0.004744096
1050,0.033139,0.012359619
1051,0.272924,0.060133501
1052,0.245167,0.16443426
1053,0.014288,0.003523393
1054,0.072202,0.002954656
1055,0.029477,0.010805997
1056,0.015952,0.00460538
1057,0.082481,0.00289917
1058,0.076807,0.012456721
1059,0.200431,0.028298118
1060,0.323029,0.196658048
1061,0.069733,0.003218217
1062,0.016771,0.004702481
1063,0.041892,0.002954656
1064,0.231198,0.004189231
1065,0.23475,0.002954656
1066,0.182023,0.017256303
1067,0.450176,0.007116144
1068,0.624612,0.21757646
1069,0.347318,0.004327947
1070,0.063227,0.00221946
1071,0.08273,0.002330433
1072,0.214677,0.002968528
1073,0.168693,0.00332919
1074,0.300862,0.011374734
1075,0.167847,0.003343062
1076,0.414789,0.22814664
1077,0.030823,0.003426292
1078,0.141879,0.003689853
1079,0.020613,0.005229603
1080,0.02422,0.003370805
1081,0.433724,0.005437678
1082,0.267861,0.008600408
1083,0.159565,0.005368319
1084,0.344391,0.203274814
1085,0.117992,0.003537265
1086,0.159968,0.003037886
1087,0.32504,0.007671009
1088,0.329687,0.002926913
1089,0.189667,0.003842441
1090,0.0182,0.006977428
1091,0.204565,0.007990057
1092,0.650413,0.132154985
1093,0.344765,0.092745694
1094,0.648415,0.003786954
1095,0.132224,0.002843683
1096,0.014385,0.003384677
1097,0.055306,0.008711381
1098,0.065016,0.003856312
1099,0.144043,0.010958585
1100,0.364671,0.074476762
1101,0.048481,0.00869751
1102,0.014357,0.002566251
1103,0.060896,0.001914284
1104,0.19688,0.00409213
1105,0.314622,0.007060658
1106,0.074602,0.016493364
1107,0.312708,0.004924427
1108,0.337788,0.221460516
1109,0.03153,0.004855069
1110,0.043779,0.003759211
1111,0.029075,0.002427535
1112,0.100708,0.002483021
1113,0.231892,0.003051758
1114,0.326524,0.005992543
1115,0.406688,0.007809726
1116,0.359136,0.151672363
1117,0.090804,0.078263716
1118,0.041504,0.0040089
1119,0.097434,0.003134988
1120,0.105619,0.002163974
1121,0.192094,0.003565008
1122,0.031405,0.003440163
1123,0.048662,0.01040372
1124,0.263103,0.078277588
1125,0.164309,0.12827093
1126,0.139757,0.003565008
1127,0.191276,0.007684881
1128,0.166765,0.002718839
1129,0.046151,0.003981157
1130,0.014482,0.002885298
1131,0.05034,0.011818626
1132,0.131212,0.051227916
1133,0.271315,0.174102783
1134,0.080747,0.003176602
1135,0.08814,0.002372048
1136,0.015786,0.003287575
1137,0.017298,0.003634366
1138,0.086254,0.007892955
1139,0.173492,0.013191917
1140,0.103344,0.041226474
1141,0.21852,0.206881436
1142,0.054751,0.002774325
1143,0.037994,0.002760454
1144,0.014843,0.001858798
1145,0.022319,0.003370805
1146,0.013566,0.004327947
1147,0.023804,0.011236017
1148,0.069095,0.009488192
1149,0.347054,0.221280185
1150,0.13332,0.003565008
1151,0.087488,0.002926913
1152,0.026398,0.002913042
1153,0.020433,0.00162298
1154,0.064545,0.002649481
1155,0.121266,0.010639537
1156,0.128313,0.003842441
1157,0.297824,0.22064209
1158,0.089153,0.003190474
1159,0.225705,0.009779497
1160,0.2206,0.002954656
1161,0.034471,0.002233332
1162,0.065779,0.002885298
1163,0.050299,0.006325462
1164,0.079235,0.006297718
1165,0.292414,0.19002741
1166,0.067527,0.01492587
1167,0.088154,0.002455278
1168,0.141588,0.002150102
1169,0.250605,0.008683638
1170,0.315219,0.003897927
1171,0.069289,0.003939542
1172,0.018907,0.009488192
1173,0.202886,0.102955211
1174,0.21114,0.122292259
1175,0.082259,0.004036643
1176,0.033458,0.00281594
1177,0.036427,0.002108487
1178,0.189528,0.003523393
1179,0.11709,0.003911799
1180,0.074019,0.015841397
1181,0.070912,0.06097967
1182,0.194882,0.16383778
1183,0.099043,0.003343062
1184,0.051977,0.00246915
1185,0.09989,0.002774325
1186,0.065321,0.004147616
1187,0.016743,0.003592751
1188,0.024539,0.012886741
1189,0.043155,0.032404119
1190,0.209919,0.198627819
1191,0.038632,0.004036643
1192,0.069358,0.002177845
1193,0.033944,0.002704967
1194,0.020239,0.003689853
1195,0.060286,0.002607866
1196,0.088723,0.011055686
1197,0.043543,0.010112416
1198,0.223999,0.21313754
1199,0.013816,0.003356934
1200,0.056693,0.003967285
1201,0.116771,0.008752996
1202,0.152616,0.001942028
1203,0.053877,0.002704967
1204,0.025385,0.011721524
1205,0.042503,0.002788197
1206,0.334611,0.203260942
1207,0.02569,0.003689853
1208,0.051089,0.002954656
1209,0.012415,0.00289917
1210,0.070787,0.004563765
1211,0.126925,0.008683638
1212,0.057304,0.007643266
1213,0.022389,0.007074529
1214,0.242143,0.224026767
1215,0.019781,0.005271218
1216,0.071827,0.003176602
1217,0.01408,0.002829812
1218,0.054085,0.003301447
1219,0.180109,0.003509521
1220,0.246124,0.007227117
1221,0.294078,0.015231046
1222,0.24618,0.124456232
1223,0.134652,0.10004217
1224,0.017423,0.004147616
1225,0.064101,0.002871427
1226,0.047261,0.002663352
1227,0.016785,0.003523393
1228,0.01616,0.004577637
1229,0.040824,0.012151545
1230,0.090582,0.075836182
1231,0.171426,0.152282715
1232,0.040852,0.009418834
1233,0.013913,0.003773082
1234,0.016105,0.003232089
1235,0.056388,0.003232089
1236,0.258373,0.002704967
1237,0.158539,0.011860241
1238,0.265683,0.043279474
1239,0.269651,0.181940252
1240,0.017506,0.005312833
1241,0.502846,0.002344305
1242,0.540855,0.004064387
1243,0.806774,0.008517179
1244,0.510684,0.003703724
1245,0.25951,0.011360862
1246,0.167542,0.018546365
1247,0.318617,0.187766335
1248,0.015633,0.003911799
1249,0.271371,0.002940785
1250,0.454518,0.00409213
1251,0.47133,0.003065629
1252,0.031738,0.003565008
1253,0.031863,0.015980114
1254,0.359192,0.003190474
1255,0.855241,0.220392401
1256,0.932381,0.004244718
1257,0.909146,0.002510764
1258,0.102151,0.002857555
1259,0.058178,0.004536022
1260,0.127716,0.005354448
1261,0.17162,0.008711381
1262,0.323639,0.005923184
1263,0.285006,0.227675004
1264,0.081829,0.003301447
1265,0.695121,0.002066872
1266,0.669625,0.002108487
1267,0.350605,0.002954656
1268,0.020752,0.003967285
1269,0.019725,0.005950928
1270,0.212222,0.010043058
1271,0.459192,0.150104869
1272,0.381262,0.073380904
1273,0.067943,0.002885298
1274,0.018449,0.007213246
1275,0.013136,0.001498136
1276,0.066057,0.002593994
1277,0.016757,0.003343062
1278,0.07431,0.009543679
1279,0.448581,0.088473233
1280,0.149078,0.136746493
1281,0.179638,0.002829812
1282,0.550939,0.002122359
1283,0.288724,0.001983643
1284,0.196034,0.011263761
1285,0.024331,0.00281594
1286,0.09871,0.011041815
1287,0.285353,0.049327504
1288,0.233473,0.157387473
1289,0.160633,0.003634366
1290,0.01727,0.004757968
1291,0.212763,0.002607866
1292,0.423404,0.003093373
1293,0.429008,0.002677224
1294,0.150951,0.009335605
1295,0.225553,0.037009499
1296,0.206673,0.194105669
1297,0.018768,0.003245961
1298,0.117673,0.003204346
1299,0.038105,0.002427535
1300,0.2254,0.003911799
1301,0.426095,0.002940785
1302,0.291595,0.011402477
1303,0.445127,0.010944713
1304,0.385479,0.213484331
1305,0.142545,0.008267489
1306,0.490709,0.002344305
1307,0.456585,0.003190474
1308,0.474174,0.003010143
1309,0.306757,0.003592751
1310,0.02999,0.011763139
1311,0.136774,0.005770597
1312,0.309726,0.221196955
1313,0.139493,0.003093373
1314,0.256556,0.003662109
1315,0.190333,0.002496893
1316,0.682498,0.008586537
1317,0.537997,0.003079501
1318,0.612848,0.006699996
1319,0.459317,0.007393577
1320,0.208491,0.196727406
1321,0.269068,0.030905984
1322,0.148218,0.003259832
1323,0.10025,0.002330433
1324,0.066889,0.00230269
1325,0.062811,0.00460538
1326,0.023623,0.012082187
1327,0.130227,0.007296475
1328,0.318423,0.093411532
1329,0.704984,0.114954168
1330,0.902419,0.003426292
1331,0.588032,0.002580123
1332,0.046914,0.002524636
1333,0.018005,0.003662109
1334,0.017076,0.003245961
1335,0.112624,0.010195645
1336,0.189237,0.069982355
1337,0.298642,0.161271529
1338,0.025773,0.003093373
1339,0.126204,0.003273704
1340,0.0158,0.003287575
1341,0.020683,0.003356934
1342,0.12318,0.002677224
1343,0.409657,0.010903098
1344,0.589669,0.037217574
1345,0.250092,0.188265714
1346,0.360454,0.003786954
1347,0.328425,0.007823597
1348,0.204551,0.002704967
1349,0.056083,0.004230846
1350,0.013691,0.003620494
1351,0.310808,0.013233532
1352,0.5762,0.018463135
1353,0.601945,0.20674272
1354,0.521351,0.003537265
1355,0.343392,0.002566251
1356,0.018546,0.0040089
1357,0.120267,0.002455278
1358,0.527649,0.008378462
1359,0.426178,0.011527322
1360,0.435389,0.005853826
1361,0.286296,0.220947266
1362,0.140173,0.004050515
1363,0.052906,0.002885298
1364,0.059995,0.004064387
1365,0.480361,0.002427535
1366,0.148926,0.004203103
1367,0.418049,0.009502064
1368,0.427579,0.010930842
1369,0.642908,0.208865079
1370,0.223944,0.004744096
1371,0.539592,0.004841198
1372,0.5202,0.002996271
1373,0.264518,0.003523393
1374,0.054085,0.004730225
1375,0.029269,0.004855069
1376,0.054571,0.009543679
1377,0.382399,0.124803023
1378,0.49666,0.105133057
1379,0.26388,0.00357888
1380,0.202179,0.00357888
1381,0.37083,0.005257346
1382,0.311349,0.003911799
1383,0.019587,0.004702481
1384,0.019739,0.010708896
1385,0.089722,0.079623136
1386,0.268319,0.145735307
1387,0.039645,0.003010143
1388,0.053267,0.003093373
1389,0.095229,0.007837469
1390,0.247872,0.003204346
1391,0.014676,0.003620494
1392,0.027868,0.011693781
1393,0.277322,0.051075328
1394,0.369027,0.1733121
1395,0.127022,0.002954656
1396,0.101665,0.002247203
1397,0.215412,0.002718839
1398,0.203719,0.002926913
1399,0.130352,0.008905584
1400,0.024622,0.011388605
1401,0.041629,0.028048429
1402,0.403262,0.197670676
1403,0.334514,0.003703724
1404,0.251964,0.002274947
1405,0.266016,0.002233332
1406,0.171578,0.002094616
1407,0.018727,0.002996271
1408,0.140256,0.011693781
1409,0.13719,0.007407449
1410,0.391957,0.202539617
1411,0.073742,0.004730225
1412,0.074657,0.002177845
1413,0.121668,0.002593994
1414,0.261841,0.003759211
1415,0.052449,0.003467907
1416,0.352201,0.008198131
1417,0.307506,0.005992543
1418,0.380637,0.220739191
1419,0.017215,0.003232089
1420,0.027161,0.007462935
1421,0.359553,0.004744096
1422,0.256251,0.003786954
1423,0.273313,0.003565008
1424,0.250633,0.005673495
1425,0.09595,0.007809726
1426,0.163116,0.147538619
1427,0.115856,0.07880471
1428,0.108989,0.002510764
1429,0.124318,0.001914284
1430,0.071314,0.003259832
1431,0.022722,0.009918213
1432,0.016327,0.006852583
1433,0.026786,0.012664795
1434,0.233182,0.220239813
1435,0.018505,0.004924427
1436,0.011014,0.000818426
1437,0.016244,0.002496893
1438,0.015522,0.001414906
1439,0.023277,0.007462935
1440,0.015009,0.004563765
1441,0.021598,0.010126287
1442,0.161702,0.152504661
1443,0.084922,0.071633079
1444,0.011333,0.000762939
1445,0.019018,0.003356934
1446,0.011278,0.00110973
1447,0.018213,0.003773082
1448,0.017159,0.00639482
1449,0.021848,0.007976185
1450,0.09742,0.087238659
1451,0.123555,0.112651478
1452,0.015481,0.002954656
1453,0.011264,0.000651966
1454,0.019406,0.005326705
1455,0.015106,0.002372048
1456,0.015287,0.004230846
1457,0.021917,0.009932085
1458,0.073991,0.062422319
1459,0.172896,0.161868009
1460,0.017104,0.003148859
1461,0.01659,0.003218217
1462,0.014621,0.001858798
1463,0.017242,0.003800826
1464,0.01598,0.002247203
1465,0.024691,0.010930842
1466,0.050312,0.036662709
1467,0.200611,0.186823065
1468,0.016715,0.004480535
1469,0.010099,0.000832298
1470,0.020974,0.009141402
1471,0.013941,0.004022772
1472,0.024275,0.004036643
1473,0.021099,0.010722767
1474,0.034651,0.020377419
1475,0.21569,0.203191584
1476,0.022361,0.005174117
1477,0.013913,0.002871427
1478,0.014399,0.002427535
1479,0.016923,0.002496893
1480,0.013899,0.002760454
1481,0.022195,0.010805997
1482,0.019614,0.00468861
1483,0.231157,0.218408758
1484,0.017659,0.005049272
1485,0.01193,0.00230269
1486,0.017714,0.002441406
1487,0.027896,0.006616766
1488,0.014648,0.002163974
1489,0.023679,0.009266246
1490,0.019143,0.006505793
1491,0.194661,0.183355158
1492,0.032848,0.021986528
1493,0.01426,0.002496893
1494,0.013525,0.001095858
1495,0.013303,0.001955899
1496,0.015134,0.003897927
1497,0.016729,0.004050515
1498,0.021057,0.007199374
1499,0.123388,0.110099099
1500,0.128743,0.113955411
1501,0.019823,0.005548651
1502,0.015037,0.002053001
1503,0.010834,0.000804554
1504,0.018824,0.004896684
1505,0.013802,0.002455278
1506,0.026717,0.011568936
1507,0.087599,0.079331831
1508,0.160259,0.149550004
1509,0.01863,0.004855069
1510,0.014801,0.002593994
1511,0.01494,0.004744096
1512,0.026703,0.015813654
1513,0.027161,0.013108687
1514,0.022569,0.011125044
1515,0.061299,0.048744895
1516,0.190402,0.175587047
1517,0.013331,0.002788197
1518,0.017797,0.002968528
1519,0.015481,0.001068115
1520,0.019781,0.004300204
1521,0.01573,0.003648238
1522,0.023485,0.012054443
1523,0.043349,0.028450706
1524,0.207478,0.194674405
1525,0.013899,0.001844926
1526,0.019268,0.003370805
1527,0.015134,0.002261075
1528,0.016923,0.002704967
1529,0.013497,0.001692338
1530,0.027813,0.012872869
1531,0.020974,0.011069558
1532,0.213318,0.199793035
1533,0.022292,0.006214489
1534,0.011222,0.000735196
1535,0.016604,0.002954656
1536,0.015619,0.003010143
1537,0.021196,0.005382191
1538,0.021834,0.008253618
1539,0.020821,0.006380948
1540,0.232128,0.220017867
1541,0.023665,0.006200617
1542,0.013234,0.001123602
1543,0.021681,0.005090887
1544,0.017825,0.007518422
1545,0.018394,0.003551136
1546,0.017451,0.006020286
1547,0.026217,0.010265004
1548,0.138564,0.127757679
1549,0.106506,0.094382546
1550,0.019656,0.004480535
1551,0.018921,0.003953414
1552,0.014829,0.002080744
1553,0.017825,0.003703724
1554,0.019323,0.005839955
1555,0.023263,0.009377219
1556,0.0957,0.083867853
1557,0.15514,0.140200528
1558,0.018921,0.003273704
1559,0.016091,0.003440163
1560,0.010307,0.000957142
1561,0.021029,0.006505793
1562,0.012484,0.001914284
1563,0.023193,0.009821112
1564,0.077279,0.061132258
1565,0.172854,0.1642678
1566,0.012138,0.002455278
1567,0.015592,0.001928156
1568,0.017492,0.004383434
1569,0.013525,0.002233332
1570,0.012734,0.002233332
1571,0.027646,0.014010343
1572,0.046858,0.033416748
1573,0.187198,0.173589533
1574,0.01795,0.004272461
1575,0.009932,0.000998757
1576,0.01641,0.002829812
1577,0.017631,0.002344305
1578,0.017173,0.003121116
1579,0.023415,0.011041815
1580,0.027577,0.018740567
1581,0.220379,0.211070668
1582,0.02071,0.005312833
1583,0.011486,0.000998757
1584,0.016119,0.002843683
1585,0.013442,0.002094616
1586,0.014648,0.00357888
1587,0.024691,0.010278875
1588,0.018033,0.007837469
1589,0.230657,0.218353271
1590,0.014302,0.002829812
1591,0.020946,0.005853826
1592,0.016244,0.002663352
1593,0.015328,0.002593994
1594,0.013885,0.001900413
1595,0.024067,0.00853105
1596,0.017742,0.007476807
1597,0.1651,0.151838823
1598,0.088612,0.072812167
1599,0.019462,0.003537265
1600,0.012138,0.001040372
1601,0.017256,0.004882813
1602,0.013525,0.003190474
1603,0.021806,0.007199374
1604,0.017256,0.007310347
1605,0.118311,0.102303245
1606,0.133043,0.123263272
1607,0.017478,0.004508279
1608,0.013608,0.002025257
1609,0.017478,0.004646995
1610,0.011375,0.001886541
1611,0.017783,0.005229603
1612,0.026689,0.011777011
1613,0.070496,0.059120872
1614,0.162187,0.149119984
1615,0.016396,0.003426292
1616,0.011749,0.002760454
1617,0.012776,0.000818426
1618,0.026689,0.011388605
1619,0.013872,0.002746582
1620,0.023374,0.010473078
1621,0.056707,0.045915083
1622,0.19276,0.179318515
1623,0.014329,0.003592751
1624,0.015203,0.002483021
1625,0.01691,0.002358176
1626,0.017811,0.00349565
1627,0.012901,0.000915527
1628,0.030642,0.01595237
1629,0.033389,0.024108887
1630,0.211626,0.198378129
1631,0.014843,0.002399791
1632,0.022403,0.006159002
1633,0.01272,0.000693581
1634,0.015495,0.002913042
1635,0.014149,0.001567494
1636,0.028478,0.012928356
1637,0.02121,0.010001443
1638,0.224582,0.212943337
1639,0.016341,0.002774325
1640,0.019087,0.003190474
1641,0.010986,0.001151345
1642,0.020128,0.005784468
1643,0.01469,0.001775568
1644,0.017548,0.007476807
1645,0.018949,0.006713867
1646,0.20709,0.194480202
1647,0.042586,0.032029585
1648,0.015758,0.002538508
1649,0.017187,0.003759211
1650,0.021529,0.003551136
1651,0.013469,0.002066872
1652,0.019739,0.007365834
1653,0.024192,0.010098544
1654,0.115343,0.101221258
1655,0.126273,0.111250444
1656,0.019448,0.0050354
1657,0.014954,0.00221946
1658,0.012623,0.000873912
1659,0.018824,0.004855069
1660,0.016493,0.004314076
1661,0.022028,0.009654652
1662,0.0914,0.078222101
1663,0.158317,0.146276301
1664,0.016743,0.003523393
1665,0.01659,0.002163974
1666,0.013608,0.003565008
1667,0.015786,0.00332919
1668,0.010889,0.002025257
1669,0.030573,0.013594194
1670,0.066237,0.05398837
1671,0.183757,0.170052268
1672,0.013608,0.002774325
1673,0.029214,0.010556308
1674,0.011805,0.000901656
1675,0.013594,0.002538508
1676,0.015009,0.002913042
1677,0.022597,0.011666038
1678,0.044528,0.031433105
1679,0.204801,0.192357844
1680,0.016466,0.00341242
1681,0.015689,0.003384677
1682,0.016216,0.003370805
1683,0.015578,0.003010143
1684,0.014967,0.003190474
1685,0.021737,0.01075051
1686,0.035719,0.020030629
1687,0.22049,0.205535889
1688,0.017645,0.003454035
1689,0.013095,0.000832298
1690,0.021321,0.005423806
1691,0.013317,0.002663352
1692,0.018893,0.004147616
1693,0.023263,0.013843883
1694,0.027896,0.010889227
1695,0.214081,0.201221813
1696,0.021182,0.007185502
1697,0.016285,0.003245961
1698,0.011361,0.000790683
1699,0.01358,0.001983643
1700,0.021889,0.004300204
1701,0.022888,0.007435192
1702,0.016896,0.006949685
1703,0.143516,0.131530762
1704,0.102262,0.09262085
1705,0.020988,0.005687367
1706,0.015522,0.001664595
1707,0.022597,0.005187988
1708,0.014954,0.001997514
1709,0.019767,0.00520186
1710,0.024844,0.01032049
1711,0.102955,0.09006847
1712,0.146609,0.135706121
1713,0.016396,0.003467907
1714,0.019476,0.004147616
1715,0.01315,0.002524636
1716,0.013511,0.00238592
1717,0.020377,0.004619252
1718,0.02662,0.010695024
1719,0.077612,0.061215487
1720,0.17352,0.160577947
1721,0.021432,0.005312833
1722,0.016743,0.00392567
1723,0.01469,0.00332919
1724,0.016826,0.003107244
1725,0.014524,0.002857555
1726,0.022195,0.010431463
1727,0.057387,0.043113015
1728,0.193634,0.183063854
1729,0.018075,0.003745339
1730,0.018741,0.007643266
1731,0.021099,0.005895441
1732,0.011999,0.001331676
1733,0.016563,0.004591508
1734,0.01992,0.00972401
1735,0.044361,0.028603294
1736,0.203303,0.191678134
1737,0.021612,0.00674161
1738,0.017076,0.004244718
1739,0.012304,0.001595237
1740,0.017853,0.002677224
1741,0.016479,0.004466664
1742,0.027355,0.013108687
1743,0.022292,0.011499578
1744,0.085394,0.069788153
1745,0.160509,0.147330544
1746,0.022153,0.004702481
1747,0.01881,0.002427535
1748,0.017825,0.003689853
1749,0.014371,0.001553622
1750,0.018297,0.006297718
1751,0.022458,0.010015314
1752,0.088862,0.076959783
1753,0.162534,0.147649592
1754,0.017062,0.003315319
1755,0.019517,0.00468861
1756,0.015633,0.002718839
1757,0.016049,0.002427535
1758,0.020946,0.007393577
1759,0.019351,0.008031672
1760,0.092676,0.076238459
1761,0.159385,0.146858909
1762,0.020461,0.005507036
1763,0.013511,0.001886541
1764,0.030975,0.011277632
1765,0.031932,0.011111173
1766,0.015814,0.004702481
1767,0.025565,0.01595237
1768,0.084159,0.070287531
1769,0.167652,0.154335716
1770,0.011694,0.001678467
1771,0.010764,0.001317805
1772,0.020558,0.004771839
1773,0.017881,0.004369562
1774,0.010112,0.002566251
1775,0.023984,0.011041815
1776,0.060134,0.046012185
1777,0.169331,0.158524947
1778,0.016632,0.003675981
1779,0.0182,0.004619252
1780,0.012249,0.001858798
1781,0.017922,0.004050515
1782,0.016688,0.003301447
1783,0.023998,0.011305376
1784,0.041656,0.030489835
1785,0.204593,0.192260742
1786,0.012054,0.001969771
1787,0.015425,0.003939542
1788,0.012165,0.001012629
1789,0.01795,0.002580123
1790,0.017131,0.003911799
1791,0.020613,0.009335605
1792,0.043377,0.025870583
1793,0.067999,0.05978671
1794,0.158372,0.148051869
1795,0.012998,0.001068115
1796,0.022125,0.00588157
1797,0.009502,0.001068115
1798,0.020031,0.004314076
1799,0.019947,0.007435192
1800,0.025787,0.010348233
1801,0.083632,0.07343639
1802,0.159357,0.14771895
1803,0.016063,0.004203103
1804,0.023887,0.010847612
1805,0.013733,0.000915527
1806,0.019448,0.004938299
1807,0.013206,0.004258589
1808,0.021862,0.010126287
1809,0.087988,0.075156472
1810,0.159995,0.1472057
1811,0.012568,0.002330433
1812,0.014537,0.002358176
1813,0.018879,0.004757968
1814,0.0177,0.003467907
1815,0.015217,0.002663352
1816,0.02361,0.010556308
1817,0.082675,0.068220659
1818,0.147525,0.135178999
1819,0.017908,0.005132502
1820,0.013858,0.002580123
1821,0.016521,0.004133745
1822,0.013275,0.001720082
1823,0.020585,0.005479292
1824,0.020197,0.010167902
1825,0.071938,0.059120872
1826,0.180692,0.165363659
1827,0.015675,0.003245961
1828,0.015439,0.002580123
1829,0.014759,0.002441406
1830,0.019739,0.003204346
1831,0.013303,0.002413663
1832,0.021848,0.009932085
1833,0.058524,0.041420676
1834,0.197657,0.185435902
1835,0.017201,0.004910556
1836,0.011846,0.002108487
1837,0.020294,0.00417536
1838,0.01057,0.000762939
1839,0.016604,0.003995028
1840,0.022736,0.011138916
1841,0.045166,0.032112815
1842,0.066112,0.053530606
1843,0.162631,0.149577748
1844,0.016604,0.002413663
1845,0.018116,0.003717596
1846,0.012304,0.001456521
1847,0.019434,0.005063144
1848,0.020017,0.007490678
1849,0.027341,0.013843883
1850,0.080081,0.068151301
1851,0.161383,0.149272572
1852,0.012484,0.000860041
1853,0.018435,0.003079501
1854,0.018893,0.004646995
1855,0.010931,0.001886541
1856,0.015439,0.004882813
1857,0.01985,0.00818426
1858,0.085061,0.069760409
1859,0.142517,0.130185214
1860,0.022167,0.004993786
1861,0.015481,0.00246915
1862,0.01616,0.003370805
1863,0.018671,0.006172874
1864,0.018699,0.00622836
1865,0.017908,0.007629395
1866,0.084437,0.074657093
1867,0.159898,0.147816051
1868,0.015328,0.003675981
1869,0.015273,0.00273271
1870,0.014426,0.002358176
1871,0.027258,0.009030429
1872,0.038619,0.014301647
1873,0.046317,0.02226396
1874,0.079637,0.065016313
1875,0.173895,0.160078569
1876,0.018976,0.004397306
1877,0.014316,0.002150102
1878,0.020891,0.010223389
1879,0.018047,0.004064387
1880,0.022763,0.005867698
1881,0.03117,0.015231046
1882,0.06331,0.047898726
1883,0.190915,0.17868042
1884,0.018921,0.009557551
1885,0.033847,0.020474521
1886,0.014746,0.00238592
1887,0.015717,0.002483021
1888,0.013941,0.003037886
1889,0.025122,0.011485707
1890,0.039395,0.027576793
1891,0.109808,0.096019398
1892,0.117188,0.104786266
1893,0.017742,0.004397306
1894,0.01168,0.000707453
1895,0.022195,0.006131259
1896,0.013525,0.002746582
1897,0.021903,0.008905584
1898,0.027022,0.014648438
1899,0.086309,0.068817139
1900,0.14629,0.132848566
1901,0.01297,0.002261075
1902,0.016258,0.003051758
1903,0.01358,0.001692338
1904,0.022958,0.005187988
1905,0.014205,0.00443892
1906,0.026245,0.009918213
1907,0.084742,0.07292314
1908,0.163713,0.150562633
1909,0.011527,0.001165217
1910,0.018671,0.003800826
1911,0.016757,0.003634366
1912,0.013775,0.003287575
1913,0.014801,0.005354448
1914,0.02114,0.00878074
1915,0.105355,0.086753152
1916,0.166251,0.150937167
1917,0.027521,0.009321733
1918,0.017187,0.003731468
1919,0.015259,0.001803311
1920,0.017173,0.003148859
1921,0.01451,0.003024015
1922,0.029449,0.01151345
1923,0.086157,0.07462935
1924,0.16492,0.150701349
1925,0.013788,0.00187267
1926,0.016077,0.002455278
1927,0.017284,0.002704967
1928,0.017381,0.003287575
1929,0.016327,0.003134988
1930,0.026731,0.011152788
1931,0.063379,0.054723566
1932,0.1871,0.171758478
1933,0.015134,0.002635609
1934,0.017991,0.003218217
1935,0.036607,0.012276389
1936,0.022014,0.006006414
1937,0.026398,0.008558794
1938,0.02483,0.011333119
1939,0.044875,0.033291903
1940,0.192316,0.17364502
1941,0.018935,0.006061901
1942,0.01598,0.00213623
1943,0.017034,0.004757968
1944,0.010917,0.000832298
1945,0.020183,0.005576394
1946,0.019448,0.007768111
1947,0.038563,0.025815097
1948,0.064281,0.054765181
1949,0.16922,0.151381059
1950,0.010515,0.001151345
1951,0.01881,0.004300204
1952,0.023526,0.008628152
1953,0.030032,0.010736639
1954,0.018075,0.007324219
1955,0.027591,0.013566451
1956,0.083729,0.069885254
1957,0.163449,0.148856423
1958,0.01297,0.001262318
1959,0.020766,0.00520186
1960,0.014926,0.002163974
1961,0.015176,0.003897927
1962,0.016479,0.005396063
1963,0.022916,0.009710138
1964,0.093633,0.076710094
1965,0.16184,0.148037997
1966,0.016743,0.003967285
1967,0.015092,0.002483021
1968,0.016174,0.003093373
1969,0.01236,0.001900413
1970,0.020322,0.006131259
1971,0.024872,0.010778254
1972,0.121737,0.085060813
1973,0.168679,0.151824951
1974,0.020169,0.005271218
1975,0.014149,0.001137473
1976,0.017187,0.002788197
1977,0.018546,0.003828569
1978,0.016355,0.003176602
1979,0.019046,0.008863969
1980,0.069469,0.056845925
1981,0.162839,0.149702592
1982,0.014746,0.002704967
1983,0.01279,0.003010143
1984,0.017589,0.00341242
1985,0.018186,0.00273271
1986,0.014232,0.002288818
1987,0.02619,0.012304133
1988,0.05403,0.041309703
1989,0.20143,0.188848322
1990,0.018477,0.003634366
1991,0.013247,0.001234575
1992,0.013913,0.002496893
1993,0.017034,0.003287575
1994,0.010487,0.002760454
1995,0.023166,0.011499578
1996,0.039548,0.026286732
1997,0.069497,0.053447377
1998,0.159773,0.148093484
1999,0.016979,0.002413663
2000,0.015952,0.002011386
2001,0.020544,0.006006414
2002,0.012318,0.002011386
2003,0.019198,0.009030429
2004,0.027258,0.017186945
2005,0.079373,0.065557306
2006,0.159718,0.148787065
2007,0.01659,0.003537265
2008,0.011444,0.000818426
2009,0.017742,0.004078258
2010,0.011305,0.001595237
2011,0.021862,0.007990057
2012,0.019698,0.008170388
2013,0.089278,0.074060613
2014,0.167666,0.152934681
2015,0.013317,0.003051758
2016,0.009974,0.001262318
2017,0.014593,0.003065629
2018,0.017617,0.004258589
2019,0.022319,0.006533536
2020,0.018324,0.007060658
2021,0.083008,0.069580078
2022,0.152824,0.139215643
2023,0.014898,0.001664595
2024,0.021487,0.005423806
2025,0.015453,0.003245961
2026,0.024581,0.010736639
2027,0.018255,0.002802069
2028,0.026564,0.010653409
2029,0.076266,0.065404719
2030,0.17316,0.158608176
2031,0.017437,0.003523393
2032,0.014524,0.003537265
2033,0.018089,0.002538508
2034,0.018643,0.006200617
2035,0.012665,0.001900413
2036,0.022874,0.010389848
2037,0.062117,0.050548207
2038,0.189611,0.174699263
2039,0.010792,0.001831055
2040,0.013969,0.002358176
2041,0.019698,0.002066872
2042,0.01691,0.004716353
2043,0.015966,0.003010143
2044,0.025122,0.012817383
2045,0.045735,0.03326416
2046,0.107283,0.090165572
2047,0.116591,0.103648793
2048,0.022028,0.004896684
2049,0.012914,0.001068115
2050,0.021057,0.00579834
2051,0.015148,0.002441406
2052,0.025108,0.010334362
2053,0.033444,0.022208474
2054,0.072354,0.057830811
2055,0.166973,0.151020397
2056,0.016063,0.003786954
2057,0.011777,0.000873912
2058,0.01107,0.000873912
2059,0.02809,0.007879084
2060,0.022944,0.007490678
2061,0.024802,0.013455478
2062,0.078194,0.065002441
2063,0.158303,0.144472989
2064,0.013913,0.001636852
2065,0.016022,0.003786954
2066,0.014565,0.002843683
2067,0.015176,0.002926913
2068,0.018546,0.006602894
2069,0.021959,0.008655895
2070,0.08771,0.075766824
2071,0.16184,0.148162842
2072,0.017229,0.003232089
2073,0.01641,0.002288818
2074,0.019171,0.003689853
2075,0.015786,0.003565008
2076,0.011916,0.003537265
2077,0.020696,0.008850098
2078,0.089208,0.074643222
2079,0.176295,0.155584162
2080,0.014426,0.002843683
2081,0.034235,0.011097301
2082,0.034513,0.012054443
2083,0.020849,0.008059415
2084,0.027868,0.00989047
2085,0.023304,0.010611794
2086,0.081635,0.063698509
2087,0.195104,0.171203613
2088,0.02157,0.007157759
2089,0.020072,0.003828569
2090,0.023998,0.006977428
2091,0.028423,0.009613037
2092,0.018713,0.003592751
2093,0.024872,0.012123801
2094,0.054779,0.040796453
2095,0.202262,0.187350186
2096,0.032432,0.012928356
2097,0.018824,0.005409934
2098,0.013691,0.002802069
2099,0.013358,0.000846169
2100,0.025538,0.008461692
2101,0.025884,0.014384877
2102,0.039923,0.026827725
2103,0.061424,0.047801625
2104,0.146346,0.134554776
2105,0.017367,0.002607866
2106,0.017839,0.005007657
2107,0.02096,0.003773082
2108,0.010792,0.001692338
2109,0.024497,0.010181774
2110,0.027091,0.015106201
2111,0.085408,0.070301403
2112,0.158192,0.147344416
2113,0.020613,0.003981157
2114,0.010903,0.002039129
2115,0.016854,0.00289917
2116,0.018754,0.004591508
2117,0.018699,0.006186745
2118,0.017936,0.00810103
2119,0.090179,0.075558749
2120,0.162367,0.1492587
2121,0.017007,0.003773082
2122,0.012804,0.001303933
2123,0.020322,0.004147616
2124,0.018061,0.004106001
2125,0.019462,0.006727739
2126,0.016341,0.008683638
2127,0.090845,0.076182972
2128,0.161535,0.148093484
2129,0.017922,0.003537265
2130,0.014274,0.002413663
2131,0.015189,0.002996271
2132,0.013455,0.002496893
2133,0.022292,0.006186745
2134,0.024581,0.011236017
2135,0.0756,0.06379561
2136,0.172327,0.160480846
2137,0.022958,0.00682484
2138,0.019198,0.00964078
2139,0.014316,0.002843683
2140,0.013913,0.001428778
2141,0.023818,0.006367077
2142,0.020447,0.008752996
2143,0.054474,0.041892312
2144,0.174644,0.161812522
2145,0.012942,0.001664595
2146,0.015772,0.003232089
2147,0.013428,0.001817183
2148,0.018741,0.005021529
2149,0.010875,0.001595237
2150,0.031253,0.012803511
2151,0.041684,0.030947599
2152,0.064531,0.050700795
2153,0.155848,0.147219571
2154,0.022916,0.005160245
2155,0.011527,0.000651966
2156,0.016812,0.002913042
2157,0.018588,0.005312833
2158,0.022611,0.008919456
2159,0.033028,0.020710338
2160,0.072035,0.060286088
2161,0.162506,0.14882868
2162,0.014773,0.002053001
2163,0.011416,0.000832298
2164,0.018865,0.004924427
2165,0.016715,0.004411177
2166,0.019781,0.007532293
2167,0.023429,0.013191917
2168,0.08341,0.069552335
2169,0.162021,0.148773193
2170,0.013747,0.001942028
2171,0.017492,0.002621737
2172,0.013067,0.000790683
2173,0.015661,0.003107244
2174,0.019268,0.006325462
2175,0.031849,0.018171831
2176,0.084173,0.074559992
2177,0.160689,0.148426403
2178,0.020544,0.005368319
2179,0.014884,0.002150102
2180,0.011389,0.001858798
2181,0.016674,0.003967285
2182,0.019531,0.006075772
2183,0.022749,0.010209517
2184,0.079817,0.065363104
2185,0.158137,0.144639449
2186,0.012956,0.002233332
2187,0.020683,0.007171631
2188,0.010598,0.000762939
2189,0.013636,0.003259832
2190,0.015287,0.003107244
2191,0.020641,0.009876598
2192,0.068068,0.055347789
2193,0.183438,0.169663863
2194,0.013899,0.00357888
2195,0.015633,0.004161488
2196,0.012817,0.00178944
2197,0.012263,0.000929399
2198,0.025524,0.007601651
2199,0.021695,0.00972401
2200,0.050604,0.037370162
2201,0.095215,0.082841353
2202,0.131448,0.110182329
2203,0.011638,0.001303933
2204,0.013941,0.001928156
2205,0.027258,0.005937056
2206,0.028936,0.008475564
2207,0.0244,0.009196888
2208,0.04794,0.030697909
2209,0.070218,0.053599964
2210,0.17678,0.153725364
2211,0.020294,0.010084672
2212,0.030032,0.007379705
2213,0.016313,0.003995028
2214,0.020835,0.006117387
2215,0.023235,0.008600408
2216,0.03995,0.022638494
2217,0.07732,0.066431219
2218,0.170135,0.151533647
2219,0.031031,0.006630637
2220,0.021113,0.004133745
2221,0.014537,0.003939542
2222,0.020627,0.005187988
2223,0.032487,0.00980724
2224,0.023818,0.010043058
2225,0.081135,0.069982355
2226,0.158039,0.138535933
2227,0.021099,0.00571511
2228,0.01512,0.002483021
2229,0.029879,0.007906827
2230,0.028478,0.005867698
2231,0.022749,0.007088401
2232,0.033458,0.013455478
2233,0.103579,0.081814853
2234,0.179152,0.156735507
2235,0.039118,0.014801025
2236,0.025024,0.00853105
2237,0.04192,0.013427734
2238,0.0316,0.008392334
2239,0.059232,0.016590465
2240,0.032515,0.015314276
2241,0.099682,0.070287531
2242,0.184659,0.167624734
2243,0.055833,0.016937256
2244,0.012138,0.002053001
2245,0.014135,0.002996271
2246,0.017756,0.004910556
2247,0.019878,0.006575151
2248,0.031974,0.019087358
2249,0.0555,0.043279474
2250,0.195923,0.177792636
2251,0.029547,0.014468106
2252,0.018477,0.003897927
2253,0.019046,0.003870184
2254,0.01777,0.00417536
2255,0.016119,0.004938299
2256,0.03669,0.020751953
2257,0.069733,0.053197687
2258,0.065641,0.050839511
2259,0.1627,0.148606734
2260,0.027175,0.00929399
2261,0.01451,0.002940785
2262,0.018574,0.003939542
2263,0.013206,0.003842441
2264,0.041989,0.018268932
2265,0.033888,0.021625866
2266,0.070301,0.054973256
2267,0.153337,0.139881481
2268,0.019823,0.006422563
2269,0.029297,0.010265004
2270,0.02157,0.00528509
2271,0.030365,0.011652166
2272,0.019171,0.006242232
2273,0.041726,0.019989014
2274,0.084686,0.069829767
2275,0.168013,0.150951039
2276,0.019004,0.006699996
2277,0.031794,0.009876598
2278,0.014843,0.002746582
2279,0.027216,0.008378462
2280,0.028825,0.012734153
2281,0.025454,0.011069558
2282,0.087017,0.075059371
2283,0.161063,0.148384788
2284,0.022,0.006769354
2285,0.028603,0.013205788
2286,0.018019,0.00281594
2287,0.025427,0.007102273
2288,0.01906,0.005770597
2289,0.02956,0.013011586
2290,0.075295,0.064100786
2291,0.178861,0.162422874
2292,0.015994,0.003273704
2293,0.023166,0.006436435
2294,0.012679,0.002011386
2295,0.021931,0.007698753
2296,0.014676,0.003273704
2297,0.026828,0.012581565
2298,0.073409,0.057262074
2299,0.188127,0.173242742
2300,0.016729,0.003454035
