overflow 1ms,,
,over 300us,over 1ms
1,0.100132,0.00086
2,0.104294,0.005895
3,0.106153,0.005334
4,0.110855,0.007518
5,0.108032,0.009509
6,0.129672,0.014128
7,0.138203,0.015723
8,0.130643,0.022888
9,0.143814,0.030635
10,0.116265,0.018213
11,0.100701,0.009023
12,0.047462,0.001762
13,0.047663,0.001651
14,0.045978,0.001443
15,0.053732,0.003156
16,0.049043,0.002192
17,0.078909,0.010196
18,0.05892,0.004855
19,0.041691,0.001692
20,0.046616,0.001783
21,0.051207,0.001616
22,0.059655,0.007491
23,0.048398,0.001387
24,0.045062,0.001595
25,0.061486,0.004508
26,0.046754,0.001533
27,0.072875,0.017291
28,0.133833,0.04475
29,0.050014,0.001366
30,0.049244,0.001408
31,0.047441,0.001685
32,0.045353,0.00059
33,0.04493,0.001519
34,0.046747,0.000603
35,0.04699,0.001796
36,0.04776,0.000721
37,0.043349,0.000562
38,0.046095,0.001436
39,0.052407,0.002122
40,0.043751,0.000694
41,0.042475,0.000548
42,0.045707,0.000492
43,0.038716,0.000617
44,0.044882,0.002559
45,0.044563,0.001339
46,0.046865,0.001179
47,0.049737,0.001533
48,0.053628,0.004217
49,0.064135,0.009495
50,0.054266,0.003627
51,0.049334,0.002004
52,0.051928,0.001741
53,0.04878,0.001665
54,0.047975,0.001685
55,0.091067,0.023186
56,0.049293,0.004543
57,0.047018,0.001616
58,0.081537,0.024234
59,0.080088,0.014912
60,0.065211,0.0103
61,0.048523,0.001526
62,0.046602,0.00258
63,0.044244,0.001581
64,0.044299,0.00111
65,0.043543,0.001255
66,0.046803,0.002407
67,0.044472,0.000465
68,0.044098,0.001311
69,0.039458,0.000506
70,0.042197,0.000749
71,0.049438,0.002379
72,0.046276,0.001297
73,0.044715,0.000596
74,0.04226,0.000534
75,0.047254,0.001658
76,0.043737,0.000513
77,0.040144,0.000583
78,0.042967,0.001554
79,0.042364,0.000513
80,0.042697,0.000638
81,0.041802,0.000673
82,0.048093,0.002428
83,0.040699,0.000548
84,0.04493,0.00061
85,0.047011,0.001637
86,0.043855,0.00052
87,0.049633,0.001387
88,0.040665,0.000541
89,0.046449,0.00188
90,0.044133,0.000922
91,0.044126,0.00061
92,0.04115,0.001221
93,0.04586,0.001817
94,0.048988,0.000701
95,0.04588,0.001013
96,0.04072,0.000673
97,0.041268,0.000534
98,0.048246,0.00215
99,0.046012,0.001117
100,0.04158,0.000492
101,0.057123,0.009093
102,0.081517,0.021882
103,0.062963,0.009058
104,0.061826,0.011097
105,0.049002,0.001068
106,0.105723,0.015293
107,0.061111,0.003731
108,0.081877,0.011083
109,0.181233,0.063095
110,0.063608,0.008441
111,0.051214,0.004682
112,0.065564,0.013289
113,0.043696,0.000818
114,0.04588,0.002081
115,0.060744,0.00894
116,0.044355,0.001457
117,0.039257,0.000756
118,0.048877,0.004564
119,0.046893,0.001616
120,0.049674,0.005313
121,0.047746,0.002268
122,0.042204,0.000458
123,0.043959,0.001498
124,0.061021,0.008704
125,0.057491,0.009148
126,0.056194,0.003711
127,0.090665,0.013775
128,0.083264,0.008191
129,0.122424,0.019316
130,0.098149,0.012859
131,0.055396,0.003093
132,0.087572,0.012838
133,0.04337,0.001491
134,0.097733,0.019774
135,0.107443,0.022659
136,0.068782,0.009516
137,0.046491,0.002802
138,0.081343,0.011819
139,0.071293,0.01005
140,0.085421,0.01693
141,0.114073,0.030733
142,0.101076,0.012394
143,0.044271,0.000506
144,0.057935,0.005542
145,0.043016,0.000388
146,0.048426,0.004494
147,0.041539,0.000562
148,0.060238,0.007012
149,0.057859,0.008552
150,0.051928,0.004605
151,0.046255,0.005576
152,0.042281,0.000562
153,0.047802,0.001949
154,0.057512,0.008774
155,0.058039,0.00962
156,0.046505,0.000541
157,0.125302,0.028541
158,0.087565,0.012346
159,0.075025,0.007262
160,0.096332,0.01752
161,0.073596,0.014107
162,0.089521,0.013691
163,0.046699,0.001269
164,0.079186,0.016604
165,0.134409,0.036073
166,0.128756,0.043911
167,0.064024,0.012269
168,0.066237,0.013199
169,0.091074,0.025246
170,0.094771,0.022361
171,0.07105,0.014343
172,0.059149,0.007012
173,0.060522,0.011943
174,0.141622,0.041143
175,0.133424,0.037696
176,0.052719,0.004487
177,0.048467,0.004682
178,0.043654,0.00147
179,0.069656,0.012901
180,0.059093,0.008788
181,0.047899,0.00276
182,0.063816,0.012901
183,0.045582,0.000499
184,0.056347,0.008774
185,0.064364,0.009703
186,0.105008,0.031724
187,0.328626,0.135359
188,0.609707,0.284119
189,0.927346,0.47597
190,1.265245,0.652362
191,0.955256,0.488885
192,0.857669,0.437511
193,0.458374,0.219872
194,0.337802,0.15702
195,0.398816,0.19095
196,0.286317,0.126246
197,0.266294,0.112749
198,0.196568,0.082959
199,0.117104,0.038501
200,0.093314,0.025087
201,0.06555,0.010064
202,0.057588,0.006235
203,0.043786,0.000479
204,0.046061,0.000714
205,0.045242,0.00163
206,0.042988,0.000513
207,0.052247,0.002108
208,0.046734,0.000569
209,0.043099,0.001436
210,0.039895,0.000541
211,0.041213,0.000569
212,0.045894,0.001033
213,0.054051,0.002747
214,0.041157,0.000687
215,0.043744,0.000673
216,0.047122,0.000701
217,0.044805,0.000388
218,0.050708,0.002289
219,0.047732,0.000596
220,0.044188,0.000603
221,0.043397,0.000548
222,0.048266,0.001533
223,0.040297,0.000721
224,0.052407,0.002393
225,0.03762,0.000513
226,0.045894,0.001651
227,0.044244,0.000472
228,0.045409,0.000624
229,0.043925,0.00172
230,0.051928,0.000645
231,0.048648,0.001561
232,0.040984,0.00061
233,0.047545,0.000617
234,0.045166,0.000596
235,0.060404,0.004501
236,0.042537,0.000638
237,0.04484,0.000534
238,0.042725,0.000465
239,0.044944,0.000423
240,0.042738,0.001366
241,0.051429,0.002767
242,0.043793,0.001436
243,0.044639,0.000811
244,0.048141,0.001325
245,0.040436,0.00068
246,0.044244,0.001533
247,0.046636,0.000583
248,0.041629,0.00052
249,0.04339,0.00145
250,0.045124,0.000603
251,0.041095,0.00061
252,0.048606,0.001796
253,0.038709,0.000617
254,0.046019,0.001429
255,0.043169,0.000583
256,0.041046,0.000555
257,0.042856,0.000687
258,0.04613,0.002226
259,0.045846,0.001554
260,0.046629,0.000576
261,0.041268,0.00061
262,0.046831,0.00068
263,0.049993,0.002199
264,0.047933,0.001165
265,0.050035,0.000499
266,0.049855,0.000555
267,0.072722,0.000264
268,0.069344,0.000222
269,0.073832,0.004259
270,0.068373,0.000208
271,0.06777,0.000243
272,0.083056,0.002636
273,0.076134,0.000201
274,0.068789,0.000208
275,0.069323,0.00025
276,0.067166,0.000215
277,0.077355,0.002213
278,0.069247,0.000194
279,0.076266,0.000291
280,0.075989,0.000201
281,0.075704,0.000222
282,0.076752,0.001089
283,0.087142,0.00233
284,0.076259,0.000236
285,0.067243,0.012561
286,0.051568,0.004376
287,0.049508,0.004286
288,0.065453,0.007151
289,0.044493,0.000187
290,0.04794,0.000236
291,0.040859,0.00025
292,0.041213,0.00018
293,0.049979,0.002518
294,0.04294,0.000187
295,0.047829,0.000229
296,0.045471,0.000312
297,0.037065,0.000208
298,0.049529,0.001228
299,0.049875,0.001463
300,0.042371,0.000215
301,0.041511,0.000222
302,0.042225,0.000208
303,0.04398,0.000194
304,0.054287,0.00353
305,0.042218,0.000194
306,0.05378,0.004307
307,0.045554,0.000257
308,0.043987,0.000208
309,0.05145,0.001595
310,0.048565,0.001588
311,0.047614,0.000173
312,0.044479,0.000187
313,0.047746,0.000243
314,0.044854,0.000277
315,0.068886,0.007532
316,0.043286,0.00018
317,0.040706,0.000229
318,0.043085,0.000277
319,0.040186,0.000201
320,0.052303,0.002837
321,0.048676,0.00095
322,0.045811,0.000187
323,0.042426,0.000166
324,0.042884,0.00016
325,0.046595,0.004238
326,0.051075,0.002823
327,0.047552,0.004404
328,0.052421,0.004675
329,0.044493,0.000222
330,0.048079,0.004259
331,0.072493,0.013872
332,0.047164,0.000992
333,0.057415,0.004307
334,0.041032,0.00018
335,0.043619,0.000173
336,0.04966,0.002677
337,0.042302,0.00018
338,0.065516,0.010022
339,0.045714,0.000236
340,0.043328,0.000187
341,0.053198,0.004494
342,0.057789,0.005528
343,0.043293,0.000187
344,0.045756,0.000929
345,0.053926,0.004515
346,0.042066,0.000201
347,0.04355,0.000215
348,0.061215,0.00627
349,0.054141,0.005438
350,0.061014,0.009343
351,0.063151,0.008392
352,0.045964,0.000236
353,0.067534,0.010119
354,0.051061,0.004702
355,0.046144,0.00102
356,0.043321,0.000194
357,0.044923,0.00016
358,0.048447,0.004342
359,0.04828,0.002046
360,0.053739,0.005035
361,0.065731,0.009759
362,0.045242,0.000187
363,0.045388,0.000201
364,0.054002,0.002414
365,0.04423,0.000187
366,0.04681,0.000229
367,0.049112,0.000895
368,0.051859,0.004453
369,0.048911,0.000416
370,0.056353,0.002441
371,0.044896,0.000236
372,0.050354,0.004231
373,0.056132,0.00525
374,0.056922,0.004238
375,0.053711,0.002754
376,0.056506,0.004342
377,0.042336,0.000215
378,0.046858,0.000187
379,0.061874,0.005001
380,0.050007,0.004709
381,0.054696,0.0024
382,0.058358,0.004293
383,0.050208,0.000243
384,0.048169,0.000153
385,0.053108,0.005583
386,0.065426,0.009752
387,0.038785,0.000194
388,0.051755,0.000201
389,0.052019,0.004474
390,0.044153,0.000166
391,0.044459,0.000902
392,0.049508,0.001429
393,0.05052,0.004321
394,0.04862,0.000201
395,0.05335,0.004536
396,0.048995,0.00016
397,0.049993,0.001762
398,0.048509,0.000222
399,0.057283,0.004619
400,0.057054,0.004543
401,0.054398,0.005105
402,0.051658,0.004342
403,0.048065,0.001297
404,0.04785,0.000673
405,0.042863,0.00018
406,0.060702,0.004487
407,0.050479,0.000354
408,0.048495,0.001352
409,0.050285,0.000201
410,0.04665,0.000201
411,0.050583,0.000728
412,0.053843,0.000215
413,0.046685,0.000194
414,0.053711,0.001609
415,0.048911,0.000187
416,0.045263,0.000201
417,0.047496,0.000187
418,0.054183,0.000916
419,0.052331,0.001561
420,0.043293,0.000208
421,0.050964,0.000187
422,0.050548,0.000215
423,0.046414,0.000201
424,0.046297,0.000194
425,0.053212,0.002573
426,0.048017,0.000187
427,0.050867,0.000208
428,0.055993,0.004911
429,0.046352,0.000361
430,0.056714,0.00439
431,0.044306,0.000215
432,0.060626,0.006582
433,0.050597,0.000298
434,0.046553,0.000187
435,0.04801,0.001089
436,0.04717,0.00018
437,0.057033,0.00215
438,0.051568,0.000208
439,0.04835,0.000277
440,0.057082,0.004737
441,0.044861,0.000201
442,0.050763,0.000187
443,0.06417,0.002115
444,0.053253,0.00077
445,0.060314,0.000208
446,0.051804,0.000208
447,0.045332,0.000208
448,0.052893,0.00043
449,0.054425,0.00027
450,0.046012,0.000284
451,0.044618,0.000201
452,0.072673,0.00027
453,0.061944,0.000284
454,0.057845,0.000284
455,0.053281,0.000291
456,0.054571,0.000243
457,0.061944,0.003648
458,0.060633,0.00025
459,0.05351,0.000264
460,0.056631,0.000236
461,0.059329,0.00027
462,0.064302,0.003877
463,0.057602,0.000194
464,0.049563,0.000208
465,0.045908,0.000243
466,0.048571,0.00018
467,0.062471,0.008704
468,0.065627,0.003842
469,0.070093,0.00876
470,0.052171,0.000201
471,0.053385,0.000187
472,0.056714,0.00018
473,0.056582,0.000153
474,0.093689,0.011063
475,0.058219,0.004432
476,0.057942,0.000257
477,0.060328,0.005139
478,0.054065,0.000284
479,0.063539,0.002906
480,0.057047,0.000236
481,0.051894,0.00016
482,0.058386,0.000208
483,0.058788,0.000194
484,0.053697,0.000305
485,0.06829,0.003301
486,0.061736,0.000194
487,0.048731,0.000194
488,0.057734,0.000222
489,0.062665,0.0043
490,0.075177,0.002955
491,0.062006,0.000194
492,0.054113,0.000187
493,0.061354,0.000236
494,0.065301,0.001561
495,0.057082,0.000222
496,0.075129,0.002989
497,0.057657,0.000208
498,0.05987,0.000173
499,0.059024,0.00018
500,0.057248,0.000201
501,0.066105,0.002969
502,0.052428,0.000201
503,0.051686,0.000208
504,0.053704,0.000215
505,0.065862,0.004453
506,0.05025,0.000194
507,0.064912,0.002441
508,0.060244,0.000153
509,0.062013,0.004376
510,0.075573,0.008684
511,0.058087,0.000208
512,0.075226,0.007928
513,0.050146,0.000153
514,0.070364,0.004286
515,0.060959,0.000146
516,0.091359,0.013039
517,0.061195,0.000215
518,0.068366,0.002871
519,0.05419,0.000201
520,0.081503,0.008933
521,0.077744,0.013435
522,0.068026,0.000187
523,0.091005,0.00267
524,0.092413,0.008954
525,0.119983,0.017346
526,0.098294,0.008795
527,0.084811,0.00989
528,0.07877,0.004696
529,0.101124,0.015162
530,0.076433,0.005237
531,0.079172,0.004959
532,0.083486,0.004356
533,0.07773,0.004952
534,0.107519,0.016549
535,0.085165,0.004321
536,0.127425,0.016854
537,0.094785,0.011312
538,0.081683,0.006076
539,0.073617,0.001907
540,0.081919,0.008725
541,0.067492,0.000784
542,0.111646,0.013684
543,0.09733,0.008365
544,0.083632,0.010445
545,0.084173,0.006291
546,0.103094,0.018151
547,0.137059,0.035844
548,0.249773,0.091802
549,0.243572,0.096699
550,0.364886,0.160717
551,0.311099,0.133188
552,0.384542,0.174782
553,0.545294,0.261674
554,0.787839,0.400696
555,0.798784,0.407049
556,0.801079,0.408304
557,0.80495,0.416038
558,0.631152,0.320601
559,0.4216,0.204738
560,0.37977,0.17402
561,0.276697,0.119171
562,0.214171,0.082467
563,0.141421,0.046713
564,0.170149,0.059953
565,0.101859,0.026939
566,0.080518,0.013629
567,0.07318,0.008587
568,0.069344,0.005084
569,0.075621,0.009148
570,0.060279,0.000673
571,0.06519,0.0012
572,0.093328,0.004737
573,0.097233,0.005639
574,0.094813,0.008455
575,0.083639,0.004917
576,0.089423,0.004592
577,0.065772,0.001325
578,0.059343,0.001297
579,0.058968,0.000548
580,0.062499,0.000964
581,0.117111,0.009134
582,0.145624,0.026592
583,0.058975,0.001984
584,0.064857,0.004924
585,0.062568,0.000541
586,0.069108,0.005542
587,0.068047,0.000631
588,0.059849,0.000673
589,0.08126,0.010903
590,0.068602,0.005001
591,0.057512,0.000506
592,0.059738,0.00061
593,0.058788,0.00052
594,0.069927,0.002386
595,0.064898,0.005479
596,0.055022,0.000714
597,0.057304,0.00052
598,0.068567,0.005348
599,0.067687,0.001956
600,0.117555,0.00953
601,0.088411,0.005174
602,0.057366,0.00077
603,0.05806,0.000728
604,0.060792,0.000631
605,0.062922,0.002268
606,0.057865,0.000534
607,0.058136,0.000694
608,0.061992,0.00061
609,0.067097,0.000666
610,0.059364,0.000631
611,0.065967,0.002122
612,0.059697,0.000513
613,0.05627,0.000638
614,0.056367,0.000701
615,0.057526,0.000513
616,0.066771,0.001928
617,0.054828,0.000624
618,0.057019,0.000777
619,0.064905,0.004598
620,0.055341,0.000631
621,0.060543,0.000645
622,0.059301,0.002372
623,0.061965,0.000541
624,0.05901,0.00059
625,0.061562,0.000541
626,0.063511,0.005292
627,0.06983,0.002247
628,0.068013,0.005063
629,0.058441,0.000916
630,0.063719,0.00061
631,0.061202,0.000645
632,0.061139,0.000756
633,0.063643,0.001651
634,0.05335,0.000714
635,0.058406,0.000652
636,0.055355,0.000596
637,0.063352,0.000777
638,0.061264,0.00197
639,0.060446,0.000666
640,0.06005,0.000853
641,0.057075,0.000548
642,0.052962,0.000652
643,0.060071,0.00061
644,0.065155,0.001921
645,0.058094,0.000805
646,0.056208,0.000645
647,0.062429,0.000652
648,0.056541,0.000617
649,0.072791,0.00197
650,0.063053,0.000534
651,0.064024,0.000714
652,0.059918,0.000541
653,0.053253,0.000569
654,0.066813,0.004945
655,0.063546,0.002136
656,0.057061,0.00068
657,0.075725,0.008739
658,0.057116,0.000583
659,0.057394,0.000673
660,0.065592,0.001866
661,0.064267,0.00482
662,0.063047,0.000666
663,0.061958,0.000451
664,0.059072,0.000798
665,0.057165,0.000472
666,0.063803,0.002136
667,0.057435,0.000666
668,0.055875,0.000603
669,0.063872,0.005243
670,0.066209,0.005202
671,0.062797,0.001762
672,0.053676,0.000596
673,0.055681,0.000562
674,0.053094,0.000548
675,0.054626,0.000645
676,0.053711,0.000534
677,0.071668,0.006312
678,0.059121,0.000527
679,0.054765,0.00052
680,0.055542,0.000555
681,0.055417,0.000673
682,0.076405,0.00636
683,0.056007,0.000617
684,0.059267,0.000527
685,0.058393,0.000548
686,0.057005,0.000721
687,0.059058,0.000666
688,0.085102,0.011319
689,0.057678,0.000534
690,0.056,0.00061
691,0.058621,0.000576
692,0.065932,0.004682
693,0.067423,0.001526
694,0.061951,0.000701
695,0.059287,0.000465
696,0.063768,0.004522
697,0.063178,0.000527
698,0.057637,0.000492
699,0.067007,0.00188
700,0.065516,0.004682
701,0.060591,0.000617
702,0.056347,0.000617
703,0.074428,0.007151
704,0.069088,0.002268
705,0.073651,0.011285
706,0.067257,0.004855
707,0.05265,0.000694
708,0.064191,0.000603
709,0.0572,0.000624
710,0.072639,0.006228
711,0.055819,0.00052
712,0.064947,0.005049
713,0.064559,0.000638
714,0.064857,0.00593
715,0.057442,0.000631
716,0.072042,0.007123
717,0.054009,0.000576
718,0.059426,0.000617
719,0.065328,0.005396
720,0.059981,0.000617
721,0.070267,0.006325
722,0.054821,0.000555
723,0.058004,0.000701
724,0.055917,0.000534
725,0.064801,0.005667
726,0.056298,0.000617
727,0.06813,0.001678
728,0.091768,0.011943
729,0.101138,0.012006
730,0.081156,0.00781
731,0.07266,0.005368
732,0.09681,0.011604
733,0.077092,0.002962
734,0.079568,0.002268
735,0.06184,0.001436
736,0.095756,0.00729
737,0.072812,0.001672
738,0.0651,0.002206
739,0.057054,0.000714
740,0.07232,0.005507
741,0.056603,0.000555
742,0.058171,0.000763
743,0.065696,0.001692
744,0.061736,0.000596
745,0.06297,0.005375
746,0.066743,0.004612
747,0.055757,0.000645
748,0.063789,0.004626
749,0.078132,0.010411
750,0.071682,0.008607
751,0.061743,0.004633
752,0.057061,0.000728
753,0.063477,0.00482
754,0.077022,0.011076
755,0.055403,0.000777
756,0.061756,0.005077
757,0.066029,0.005341
758,0.056603,0.000506
759,0.077917,0.009141
760,0.064475,0.001325
761,0.062748,0.000714
762,0.06512,0.005722
763,0.062568,0.000645
764,0.071806,0.00901
765,0.080754,0.011409
766,0.074865,0.009502
767,0.086344,0.013303
768,0.070523,0.005056
769,0.068158,0.005771
770,0.060765,0.00061
771,0.080948,0.01048
772,0.070794,0.00525
773,0.077903,0.009301
774,0.062055,0.000576
775,0.077979,0.00231
776,0.086878,0.006104
777,0.077744,0.001949
778,0.071189,0.001803
779,0.074088,0.004744
780,0.05962,0.000617
781,0.064108,0.000527
782,0.083771,0.012096
783,0.068456,0.004813
784,0.065398,0.004938
785,0.060903,0.00059
786,0.061326,0.000576
787,0.081628,0.011111
788,0.069504,0.004897
789,0.062076,0.001248
790,0.062027,0.000825
791,0.080206,0.002733
792,0.06813,0.001228
793,0.073492,0.006575
794,0.056534,0.000638
795,0.067687,0.004751
796,0.07223,0.009613
797,0.058927,0.000569
798,0.084444,0.010938
799,0.079852,0.009259
800,0.058406,0.000617
801,0.078402,0.011139
802,0.070697,0.005139
803,0.058226,0.000631
804,0.075871,0.006936
805,0.077092,0.009974
806,0.071571,0.0091
807,0.075635,0.008808
808,0.07275,0.010182
809,0.071619,0.006409
810,0.068332,0.006277
811,0.063282,0.000749
812,0.055119,0.000659
813,0.05763,0.000624
814,0.071217,0.009786
815,0.076079,0.010695
816,0.066306,0.005056
817,0.069143,0.005528
818,0.067943,0.004647
819,0.068651,0.004793
820,0.092156,0.015113
821,0.070842,0.005327
822,0.067756,0.005098
823,0.084062,0.017776
824,0.067125,0.004668
825,0.080761,0.009162
826,0.09115,0.016202
827,0.098801,0.023082
828,0.066161,0.005944
829,0.078971,0.008857
830,0.078597,0.009086
831,0.07859,0.009023
832,0.092323,0.017874
833,0.075614,0.009239
834,0.086781,0.013865
835,0.059537,0.000645
836,0.077605,0.009703
837,0.072653,0.006665
838,0.071245,0.005202
839,0.096796,0.021536
840,0.107963,0.021667
841,0.087787,0.017499
842,0.076315,0.006104
843,0.105917,0.026883
844,0.103649,0.02671
845,0.10729,0.026717
846,0.084936,0.013317
847,0.135061,0.044937
848,0.133598,0.037391
849,0.111722,0.030774
850,0.09174,0.017624
851,0.125725,0.037363
852,0.115828,0.029879
853,0.146075,0.047413
854,0.093481,0.018546
855,0.152685,0.052053
856,0.160474,0.058739
857,0.123534,0.03119
858,0.116653,0.029352
859,0.114919,0.02775
860,0.141324,0.044077
861,0.105619,0.022437
862,0.138848,0.035491
863,0.171481,0.057949
864,0.173104,0.061313
865,0.132953,0.034894
866,0.082793,0.014295
867,0.188044,0.064219
868,0.121834,0.034055
869,0.089618,0.013275
870,0.129499,0.031593
871,0.098891,0.022243
872,0.132287,0.032654
873,0.106805,0.023339
874,0.131829,0.041754
875,0.095173,0.018324
876,0.124928,0.037294
877,0.114788,0.03015
878,0.143523,0.039569
879,0.140464,0.044119
880,0.091033,0.018997
881,0.112839,0.0304
882,0.124026,0.035241
883,0.114559,0.022597
884,0.121495,0.032147
885,0.142177,0.042073
886,0.122154,0.03418
887,0.062693,0.000714
888,0.072181,0.00095
889,0.065051,0.000805
890,0.062166,0.000825
891,0.066632,0.000992
892,0.076731,0.00394
893,0.082717,0.004529
894,0.063518,0.00077
895,0.065543,0.000985
896,0.062922,0.001228
897,0.07852,0.003773
898,0.066639,0.001692
899,0.064579,0.000853
900,0.086268,0.005764
901,0.065016,0.000992
902,0.060425,0.001096
903,0.074449,0.005084
904,0.065044,0.000985
905,0.065543,0.001075
906,0.079554,0.004904
907,0.061167,0.000929
908,0.071751,0.001859
909,0.069948,0.002053
910,0.064503,0.000791
911,0.063629,0.000853
912,0.065939,0.00077
913,0.082314,0.004855
914,0.079679,0.004127
915,0.068415,0.000929
916,0.062943,0.000756
917,0.06639,0.00111
918,0.060765,0.001013
919,0.075871,0.004744
920,0.078368,0.003038
921,0.06383,0.000874
922,0.069081,0.000888
923,0.067132,0.000818
924,0.06974,0.000832
925,0.07603,0.003919
926,0.078895,0.004904
927,0.070197,0.00086
928,0.061333,0.000985
929,0.064905,0.000867
930,0.062984,0.000922
931,0.077591,0.003752
932,0.082723,0.004883
933,0.067014,0.000888
934,0.066126,0.001082
935,0.069275,0.001172
936,0.075808,0.004314
937,0.068297,0.000839
938,0.064517,0.000902
939,0.083916,0.004356
940,0.06768,0.001304
941,0.065308,0.000909
942,0.063303,0.000846
943,0.068796,0.001318
944,0.066993,0.001158
945,0.081697,0.004057
946,0.069705,0.001346
947,0.081295,0.005237
948,0.066563,0.000888
949,0.065481,0.000902
950,0.065564,0.00102
951,0.069906,0.000805
952,0.087939,0.005722
953,0.067652,0.001928
954,0.07542,0.001151
955,0.066424,0.000673
956,0.06261,0.001131
957,0.06734,0.000867
958,0.088862,0.006104
959,0.065308,0.001013
960,0.070704,0.003392
961,0.112762,0.013157
962,0.069573,0.001346
963,0.072507,0.002011
964,0.069171,0.002032
965,0.075025,0.003586
966,0.061909,0.000624
967,0.06752,0.000825
968,0.064871,0.001221
969,0.080344,0.004494
970,0.065065,0.001151
971,0.070405,0.000957
972,0.063109,0.001144
973,0.058344,0.001068
974,0.078756,0.002552
975,0.078506,0.003343
976,0.074144,0.001311
977,0.074914,0.00077
978,0.081752,0.004266
979,0.067076,0.000916
980,0.080587,0.004189
981,0.067333,0.001193
982,0.062526,0.00077
983,0.066847,0.000978
984,0.067895,0.001297
985,0.083639,0.005764
986,0.078617,0.002774
987,0.074692,0.001172
988,0.07309,0.001408
989,0.070468,0.001248
990,0.068817,0.001359
991,0.081697,0.005001
992,0.086469,0.005528
993,0.086573,0.002365
994,0.08298,0.00154
995,0.077744,0.000652
996,0.064614,0.001047
997,0.080955,0.00378
998,0.085983,0.005174
999,0.06829,0.001228
1000,0.073242,0.001151
1001,0.075649,0.000895
1002,0.07585,0.003503
1003,0.084811,0.001006
1004,0.07775,0.000916
1005,0.093758,0.004862
1006,0.075531,0.00102
1007,0.084305,0.000811
1008,0.091303,0.002511
1009,0.080469,0.00102
1010,0.074768,0.000916
1011,0.084478,0.008836
1012,0.069032,0.00068
1013,0.079783,0.005188
1014,0.067173,0.000964
1015,0.070024,0.000811
1016,0.089749,0.001186
1017,0.081357,0.000687
1018,0.096144,0.004779
1019,0.095756,0.003648
1020,0.085803,0.000624
1021,0.084437,0.00095
1022,0.085068,0.000707
1023,0.087169,0.001027
1024,0.10376,0.006305
1025,0.086122,0.004439
1026,0.103136,0.002913
1027,0.069663,0.000902
1028,0.066334,0.000978
1029,0.070593,0.001228
1030,0.079991,0.004841
1031,0.084943,0.004494
1032,0.076766,0.001207
1033,0.068831,0.001422
1034,0.071654,0.00129
1035,0.079082,0.003829
1036,0.071536,0.001117
1037,0.067721,0.000943
1038,0.096172,0.00584
1039,0.06974,0.001089
1040,0.080532,0.001221
1041,0.102525,0.006104
1042,0.076731,0.001311
1043,0.088147,0.001235
1044,0.121536,0.006943
1045,0.098919,0.001075
1046,0.116293,0.005999
1047,0.096859,0.001054
1048,0.101748,0.00095
1049,0.090894,0.000916
1050,0.085588,0.001255
1051,0.134173,0.013407
1052,0.105709,0.006131
1053,0.091941,0.001179
1054,0.092427,0.000936
1055,0.127314,0.013775
1056,0.144071,0.019989
1057,0.118838,0.013775
1058,0.092219,0.00061
1059,0.106097,0.000208
1060,0.10582,0.000222
1061,0.106888,0.000222
1062,0.098343,0.000222
1063,0.114476,0.002122
1064,0.109024,0.001956
1065,0.10806,0.000187
1066,0.105334,0.000166
1067,0.100542,0.000187
1068,0.106465,0.002428
1069,0.096755,0.000201
1070,0.098218,0.000236
1071,0.108254,0.002372
1072,0.088036,0.000257
1073,0.089472,0.000264
1074,0.142115,0.027154
1075,0.149605,0.029373
1076,0.117826,0.013123
1077,0.11535,0.007283
1078,0.099682,0.000229
1079,0.1029,0.002962
1080,0.116362,0.008607
1081,0.096796,0.000173
1082,0.097053,0.000187
1083,0.096886,0.000596
1084,0.102269,0.003045
1085,0.119948,0.006901
1086,0.103642,0.00025
1087,0.108712,0.004522
1088,0.099376,0.000194
1089,0.103247,0.000229
1090,0.110855,0.002691
1091,0.103468,0.000319
1092,0.111514,0.004987
1093,0.111438,0.000222
1094,0.113442,0.004626
1095,0.140603,0.018359
1096,0.126905,0.011312
1097,0.11664,0.006402
1098,0.118061,0.000215
1099,0.11614,0.004397
1100,0.130234,0.008538
1101,0.11666,0.000215
1102,0.115017,0.000222
1103,0.135775,0.014496
1104,0.135873,0.01014
1105,0.119136,0.004349
1106,0.125295,0.004349
1107,0.144085,0.016528
1108,0.130837,0.009363
1109,0.150937,0.018963
1110,0.13203,0.004709
1111,0.142517,0.012061
1112,0.157235,0.014322
1113,0.135644,0.009037
1114,0.141019,0.009488
1115,0.122022,0.000222
1116,0.132911,0.005015
1117,0.150507,0.007352
1118,0.139292,0.006527
1119,0.126606,0.000277
1120,0.142143,0.009003
1121,0.164781,0.019552
1122,0.132106,0.000166
1123,0.149987,0.007969
1124,0.158573,0.013657
1125,0.151721,0.009953
1126,0.156666,0.005056
1127,0.154995,0.005001
1128,0.150403,0.000194
1129,0.18828,0.019531
1130,0.181108,0.016459
1131,0.1639,0.00018
1132,0.166536,0.008913
1133,0.18407,0.008614
1134,0.18117,0.002303
1135,0.165294,0.000215
1136,0.143079,0.000153
1137,0.151672,0.006936
1138,0.146519,0.009606
1139,0.139916,0.005576
1140,0.156077,0.011611
1141,0.143557,0.004342
1142,0.150153,0.009696
1143,0.148045,0.002643
1144,0.152699,0.005486
1145,0.165107,0.016389
1146,0.147837,0.004911
1147,0.13805,0.000222
1148,0.170954,0.018928
1149,0.137981,0.000208
1150,0.165835,0.01245
1151,0.152706,0.006762
1152,0.154467,0.008961
1153,0.145839,0.000187
1154,0.155036,0.004328
1155,0.167854,0.013601
1156,0.177751,0.012644
1157,0.17024,0.011583
1158,0.18717,0.023949
1159,0.158088,0.004987
1160,0.18511,0.016993
1161,0.195049,0.026488
1162,0.193135,0.020197
1163,0.173055,0.010771
1164,0.233154,0.046435
1165,0.187468,0.013934
1166,0.213921,0.031038
1167,0.188016,0.01159
1168,0.177009,0.00919
1169,0.190409,0.013983
1170,0.19208,0.015398
1171,0.188404,0.01358
1172,0.184867,0.009183
1173,0.17472,0.007428
1174,0.187073,0.01485
1175,0.1749,0.008933
1176,0.209892,0.019954
1177,0.232024,0.018283
1178,0.221294,0.029886
1179,0.222702,0.017964
1180,0.27805,0.022881
1181,0.274894,0.026564
1182,0.194772,0.019039
1183,0.225532,0.00679
1184,0.283335,0.023741
1185,0.295937,0.040131
1186,0.214192,0.009079
1187,0.206271,0.0177
1188,0.192448,0.008621
1189,0.267383,0.013067
1190,0.269283,0.013213
1191,0.2754,0.032037
1192,0.204038,0.013518
1193,0.213117,0.017388
1194,0.209621,0.021882
1195,0.267084,0.034499
1196,0.236879,0.01906
1197,0.224554,0.02155
1198,0.176662,0.004619
1199,0.190804,0.013622
1200,0.17497,0.001033
1201,0.231462,0.018297
1202,0.270837,0.014406
1203,0.214962,0.004813
1204,0.170357,0.013296
1205,0.160592,0.008788
1206,0.162458,0.009259
1207,0.184291,0.013372
1208,0.193038,0.021473
1209,0.180844,0.014572
1210,0.18812,0.012838
1211,0.205633,0.019552
1212,0.20813,0.012866
1213,0.210211,0.022222
1214,0.185269,0.008718
1215,0.190319,0.01367
1216,0.200729,0.015307
1217,0.20263,0.017527
1218,0.164843,0.000166
1219,0.203365,0.022319
1220,0.208151,0.016882
1221,0.188155,0.008864
1222,0.158282,0.009239
1223,0.104772,0.001096
1224,0.214539,0.012845
1225,0.249981,0.030885
1226,0.277682,0.047455
1227,0.273687,0.04355
1228,0.263346,0.04072
1229,0.252998,0.036469
1230,0.234389,0.026162
1231,0.249918,0.03556
1232,0.242081,0.031045
1233,0.243149,0.031711
1234,0.275622,0.052719
1235,0.267008,0.042274
1236,0.228597,0.032161
1237,0.22076,0.026127
1238,0.20831,0.021432
1239,0.21723,0.027778
1240,0.32984,0.047309
1241,0.291547,0.013629
1242,0.289112,0.031863
1243,0.36592,0.039929
1244,0.287691,0.022645
1245,0.316766,0.04518
1246,0.327239,0.03221
1247,0.3077,0.028388
1248,0.274429,0.034062
1249,0.30614,0.035595
1250,0.290347,0.032564
1251,0.292171,0.017291
1252,0.318021,0.027806
1253,0.345119,0.044889
1254,0.372418,0.050735
1255,0.427475,0.089458
1256,0.440785,0.103781
1257,0.544309,0.180636
1258,0.594087,0.227321
1259,0.671796,0.289036
1260,0.648831,0.288627
1261,0.606502,0.265683
1262,0.415441,0.169109
1263,0.243641,0.073291
1264,0.136962,0.013185
1265,0.12757,0.009079
1266,0.116688,0.007442
1267,0.127834,0.016438
1268,0.109253,0.009516
1269,0.112457,0.008725
1270,0.192413,0.02062
1271,0.10935,0.006367
1272,0.118214,0.011396
1273,0.114614,0.01236
1274,0.109523,0.009904
1275,0.113997,0.010099
1276,0.120787,0.014995
1277,0.119698,0.009585
1278,0.128833,0.018352
1279,0.117867,0.01134
1280,0.109426,0.010099
1281,0.11535,0.009252
1282,0.164587,0.016223
1283,0.158726,0.017208
1284,0.111549,0.009814
1285,0.1151,0.010896
1286,0.11802,0.009773
1287,0.118422,0.009655
1288,0.117,0.012665
1289,0.123138,0.017582
1290,0.109149,0.009585
1291,0.108421,0.008649
1292,0.110834,0.010875
1293,0.107699,0.008323
1294,0.109433,0.008399
1295,0.110592,0.009343
1296,0.106021,0.009634
1297,0.108178,0.008233
1298,0.110765,0.008573
1299,0.126807,0.013816
1300,0.111507,0.010556
1301,0.118242,0.012464
1302,0.11915,0.009488
1303,0.120184,0.013615
1304,0.134048,0.017527
1305,0.218437,0.029297
1306,0.11759,0.00944
1307,0.119206,0.00937
1308,0.106825,0.008191
1309,0.119809,0.014447
1310,0.117978,0.011888
1311,0.112908,0.009766
1312,0.115377,0.006478
1313,0.105896,0.008372
1314,0.10994,0.007366
1315,0.184174,0.019746
1316,0.170593,0.018519
1317,0.181177,0.025343
1318,0.132627,0.016688
1319,0.108955,0.008711
1320,0.117964,0.013206
1321,0.120406,0.012672
1322,0.115252,0.008802
1323,0.10935,0.009072
1324,0.109093,0.007165
1325,0.11519,0.011819
1326,0.112756,0.007505
1327,0.117111,0.012935
1328,0.120725,0.018075
1329,0.102657,0.007706
1330,0.102733,0.007518
1331,0.120655,0.013885
1332,0.116175,0.013102
1333,0.107734,0.007636
1334,0.154918,0.015703
1335,0.106624,0.006839
1336,0.117229,0.007706
1337,0.180033,0.024733
1338,0.192018,0.023436
1339,0.121987,0.008808
1340,0.180879,0.018019
1341,0.158768,0.015918
1342,0.124394,0.014718
1343,0.115759,0.009495
1344,0.145714,0.021959
1345,0.128098,0.011701
1346,0.273569,0.040131
1347,0.158983,0.019753
1348,0.129721,0.015314
1349,0.130782,0.018435
1350,0.112769,0.012457
1351,0.121398,0.012325
1352,0.134021,0.012873
1353,0.12558,0.012672
1354,0.131524,0.016306
1355,0.143759,0.026807
1356,0.134978,0.019968
1357,0.130497,0.010223
1358,0.128791,0.015807
1359,0.132467,0.015293
1360,0.122015,0.011985
1361,0.129616,0.014281
1362,0.14636,0.018983
1363,0.130088,0.015911
1364,0.146387,0.025364
1365,0.140776,0.018754
1366,0.136968,0.023381
1367,0.152539,0.021744
1368,0.11716,0.013733
1369,0.120281,0.014385
1370,0.125282,0.015765
1371,0.124643,0.015287
1372,0.164101,0.025857
1373,0.124408,0.018546
1374,0.127827,0.019614
1375,0.139438,0.024331
1376,0.132439,0.020315
1377,0.149224,0.013254
1378,0.131884,0.021647
1379,0.125226,0.018186
1380,0.125101,0.017811
1381,0.122847,0.015314
1382,0.168221,0.026155
1383,0.151721,0.03221
1384,0.131385,0.023942
1385,0.122459,0.017922
1386,0.118249,0.018581
1387,0.115287,0.011548
1388,0.114378,0.013601
1389,0.120205,0.019739
1390,0.123541,0.014038
1391,0.13676,0.026613
1392,0.132675,0.01908
1393,0.127924,0.026009
1394,0.118325,0.018734
1395,0.131226,0.022992
1396,0.13606,0.022909
1397,0.130116,0.021196
1398,0.132828,0.020898
1399,0.131683,0.021973
1400,0.119879,0.01795
1401,0.145111,0.029338
1402,0.144105,0.026162
1403,0.129859,0.015779
1404,0.129825,0.017825
1405,0.162721,0.033507
1406,0.146526,0.027098
1407,0.14303,0.023242
1408,0.11107,0.012887
1409,0.116362,0.012082
1410,0.116771,0.014038
1411,0.146214,0.028416
1412,0.121148,0.018297
1413,0.139119,0.028846
1414,0.136004,0.022826
1415,0.126384,0.019295
1416,0.120003,0.016722
1417,0.139632,0.030538
1418,0.136219,0.023027
1419,0.128306,0.01933
1420,0.144015,0.027896
1421,0.143169,0.027896
1422,0.135762,0.022278
1423,0.132488,0.021674
1424,0.121814,0.013351
1425,0.128146,0.02035
1426,0.115093,0.010959
1427,0.129297,0.021258
1428,0.111368,0.012415
1429,0.126017,0.020863
1430,0.131912,0.022437
1431,0.127952,0.017353
1432,0.132786,0.019927
1433,0.141435,0.026925
1434,0.137697,0.025711
1435,0.115017,0.012027
1436,0.113602,0.010813
1437,0.140124,0.022881
1438,0.12223,0.017617
1439,0.119421,0.013587
1440,0.162617,0.027833
1441,0.196242,0.046914
1442,0.179568,0.04441
1443,0.167465,0.036614
1444,0.146491,0.025864
1445,0.134999,0.024476
1446,0.138467,0.024095
1447,0.15487,0.031537
1448,0.151929,0.038022
1449,0.139132,0.022791
1450,0.151964,0.031502
1451,0.157873,0.034859
1452,0.126717,0.018068
1453,0.136691,0.02302
1454,0.117534,0.016195
1455,0.123874,0.018102
1456,0.116862,0.014836
1457,0.140839,0.026627
1458,0.146249,0.021834
1459,0.201603,0.04131
1460,0.160405,0.027681
1461,0.153441,0.026536
1462,0.197594,0.044542
1463,0.161174,0.023603
1464,0.174124,0.037044
1465,0.157776,0.019268
1466,0.179381,0.031301
1467,0.178368,0.034457
1468,0.159753,0.03042
1469,0.172071,0.023727
1470,0.228903,0.043432
1471,0.243426,0.044889
1472,0.430228,0.034311
1473,0.48962,0.043675
1474,0.248309,0.031738
1475,0.135574,0.020232
1476,0.135013,0.022521
1477,0.145146,0.022195
1478,0.133757,0.019372
1479,0.12499,0.014232
1480,0.146193,0.022909
1481,0.127237,0.014725
1482,0.120156,0.013816
1483,0.124588,0.014316
1484,0.131482,0.01743
1485,0.127113,0.01392
1486,0.141969,0.022347
1487,0.115752,0.014406
1488,0.126703,0.018352
1489,0.136053,0.016334
1490,0.246866,0.042856
1491,0.354073,0.053232
1492,0.330256,0.056464
1493,0.314456,0.060952
1494,0.493532,0.106264
1495,0.225754,0.039825
1496,0.362528,0.035456
1497,0.176308,0.020093
1498,0.409234,0.039832
1499,0.396923,0.037578
1500,0.355225,0.039597
1501,0.214934,0.045402
1502,0.226024,0.047226
1503,0.207173,0.034943
1504,0.222875,0.046206
1505,0.181822,0.033313
1506,0.129679,0.019053
1507,0.124428,0.01322
1508,0.148669,0.027091
1509,0.136691,0.01743
1510,0.118741,0.013157
1511,0.128971,0.01967
1512,0.145368,0.027944
1513,0.159232,0.027917
1514,0.131156,0.016195
1515,0.155015,0.026634
1516,0.12886,0.012776
1517,0.122473,0.013941
1518,0.140561,0.022687
1519,0.134687,0.017437
1520,0.204308,0.033382
1521,0.242573,0.045492
1522,0.238405,0.036441
1523,0.592083,0.052969
1524,0.38955,0.04536
1525,0.312014,0.041677
1526,0.287871,0.030857
1527,0.290624,0.036614
1528,0.141525,0.023492
1529,0.270608,0.034804
1530,0.222237,0.024796
1531,0.207166,0.025045
1532,0.303261,0.04502
1533,0.258768,0.048447
1534,0.27171,0.070801
1535,0.187822,0.035352
1536,0.156167,0.03042
1537,0.169331,0.034693
1538,0.17309,0.027792
1539,0.158657,0.023131
1540,0.163956,0.02112
1541,0.201791,0.048703
1542,0.123236,0.010584
1543,0.159662,0.035747
1544,0.149162,0.029318
1545,0.126801,0.017492
1546,0.151769,0.025288
1547,0.151582,0.027348
1548,0.174477,0.036593
1549,0.146464,0.02363
1550,0.164517,0.035324
1551,0.160474,0.030039
1552,0.148308,0.024511
1553,0.162464,0.035227
1554,0.148225,0.026398
1555,0.171363,0.036586
1556,0.227099,0.044035
1557,0.176128,0.033438
1558,0.271717,0.070627
1559,0.159281,0.028444
1560,0.154724,0.029741
1561,0.167895,0.035373
1562,0.133736,0.011937
1563,0.372876,0.06546
1564,0.324485,0.069032
1565,0.380513,0.063532
1566,0.354122,0.091483
1567,0.307742,0.085012
1568,0.336963,0.103801
1569,0.267875,0.069656
1570,0.26234,0.060931
1571,0.173527,0.03531
1572,0.132176,0.017964
1573,0.148177,0.025635
1574,0.144376,0.023547
1575,0.149848,0.029151
1576,0.120732,0.012616
1577,0.149085,0.024712
1578,0.161119,0.03316
1579,0.139729,0.018456
1580,0.151707,0.02741
1581,0.16442,0.026751
1582,0.281726,0.048537
1583,0.316155,0.040068
1584,0.322009,0.053676
1585,0.25374,0.041178
1586,0.290118,0.039028
1587,0.273611,0.046227
1588,0.34754,0.051824
1589,0.348247,0.045263
1590,0.382801,0.095118
1591,0.375713,0.06725
1592,0.454809,0.06811
1593,0.414484,0.09088
1594,0.330152,0.078076
1595,0.142441,0.019892
1596,0.124609,0.010022
1597,0.123444,0.017964
1598,0.144965,0.031939
1599,0.130615,0.021099
1600,0.13726,0.022736
1601,0.159045,0.025697
1602,0.113407,0.012873
1603,0.123846,0.017312
1604,0.210724,0.060619
1605,0.145874,0.029318
1606,0.144896,0.022999
1607,0.155959,0.016147
1608,0.120107,0.01374
1609,0.148322,0.030011
1610,0.158719,0.034277
1611,0.170323,0.037377
1612,0.145971,0.026183
1613,0.14165,0.026758
1614,0.187052,0.045582
1615,0.141061,0.026065
1616,0.129665,0.017048
1617,0.181455,0.026432
1618,0.125684,0.005084
1619,0.132176,0.014343
1620,0.14518,0.02655
1621,0.163207,0.029845
1622,0.183834,0.039319
1623,0.136767,0.019524
1624,0.157471,0.038251
1625,0.169463,0.039243
1626,0.171072,0.041851
1627,0.18348,0.043189
1628,0.187128,0.048412
1629,0.278861,0.047926
1630,0.253081,0.061084
1631,0.251444,0.060536
1632,0.290763,0.101187
1633,0.269103,0.076072
1634,0.225296,0.071265
1635,0.321468,0.127258
1636,0.323375,0.124637
1637,0.259087,0.09192
1638,0.20659,0.068512
1639,0.126301,0.019372
1640,0.096602,0.007692
1641,0.095596,0.004716
1642,0.100209,0.009155
1643,0.123055,0.018546
1644,0.114177,0.01177
1645,0.100763,0.009197
1646,0.097303,0.003503
1647,0.160751,0.020745
1648,0.133036,0.013351
1649,0.14045,0.013719
1650,0.119192,0.006894
1651,0.116945,0.00575
1652,0.12266,0.010203
1653,0.1359,0.011389
1654,0.100063,0.000936
1655,0.136955,0.009724
1656,0.120121,0.009863
1657,0.109877,0.005348
1658,0.152463,0.025683
1659,0.159628,0.026321
1660,0.103496,0.000888
1661,0.130164,0.012672
1662,0.136913,0.018373
1663,0.115932,0.009266
1664,0.130137,0.018921
1665,0.101103,0.000728
1666,0.158532,0.02198
1667,0.101644,0.004841
1668,0.124817,0.018137
1669,0.09079,0.000603
1670,0.09115,0.00061
1671,0.084749,0.000638
1672,0.136601,0.016445
1673,0.10369,0.009419
1674,0.089153,0.00059
1675,0.110758,0.014038
1676,0.093203,0.005299
1677,0.112117,0.012297
1678,0.104765,0.009481
1679,0.125725,0.011187
1680,0.121002,0.014142
1681,0.10437,0.000957
1682,0.108296,0.010064
1683,0.132939,0.013781
1684,0.100209,0.004869
1685,0.095,0.000617
1686,0.144022,0.011312
1687,0.112596,0.005243
1688,0.138446,0.010931
1689,0.109718,0.009301
1690,0.126412,0.018623
1691,0.126357,0.017478
1692,0.126572,0.012894
1693,0.097497,0.001033
1694,0.123333,0.011
1695,0.092177,0.000694
1696,0.097192,0.005035
1697,0.111944,0.009252
1698,0.10704,0.009523
1699,0.165204,0.029879
1700,0.105563,0.009037
1701,0.112804,0.012935
1702,0.108372,0.010334
1703,0.113026,0.010702
1704,0.134513,0.01349
1705,0.178285,0.022576
1706,0.187239,0.027944
1707,0.093023,0.001311
1708,0.110328,0.009585
1709,0.10093,0.00188
1710,0.123076,0.010834
1711,0.108011,0.009426
1712,0.103253,0.010494
1713,0.1072,0.010681
1714,0.098731,0.005042
1715,0.089632,0.001401
1716,0.118873,0.017922
1717,0.09208,0.004758
1718,0.084229,0.000423
1719,0.103351,0.004446
1720,0.09785,0.004813
1721,0.117472,0.006263
1722,0.097427,0.001061
1723,0.124033,0.01401
1724,0.101748,0.001082
1725,0.106832,0.004952
1726,0.141144,0.011638
1727,0.129727,0.010529
1728,0.099168,0.000909
1729,0.112194,0.009558
1730,0.107838,0.009766
1731,0.094355,0.000756
1732,0.125531,0.020759
1733,0.10238,0.004758
1734,0.11252,0.009398
1735,0.0895,0.000402
1736,0.105369,0.005091
1737,0.088501,0.000333
1738,0.098246,0.00645
1739,0.137835,0.018983
1740,0.087946,0.000257
1741,0.108046,0.00971
1742,0.113727,0.0098
1743,0.142399,0.011604
1744,0.117014,0.01023
1745,0.122528,0.007227
1746,0.117451,0.00618
1747,0.115419,0.009017
1748,0.093273,0.000777
1749,0.133487,0.013449
1750,0.092614,0.000506
1751,0.107207,0.009606
1752,0.141061,0.015189
1753,0.096547,0.004723
1754,0.12583,0.012346
1755,0.096866,0.00516
1756,0.100139,0.000943
1757,0.100132,0.00086
1758,0.117923,0.014454
1759,0.135144,0.015945
1760,0.147483,0.020502
1761,0.099966,0.005438
1762,0.104294,0.005895
1763,0.101083,0.005625
1764,0.103725,0.005028
1765,0.153198,0.029782
1766,0.095471,0.002233
1767,0.106153,0.005334
1768,0.10539,0.005528
1769,0.117735,0.010293
1770,0.126003,0.018803
1771,0.111916,0.011104
1772,0.110855,0.007518
1773,0.095492,0.000596
1774,0.126995,0.023353
1775,0.149515,0.027605
1776,0.105847,0.006201
1777,0.108032,0.009509
1778,0.107138,0.012443
1779,0.111889,0.013303
1780,0.096873,0.005993
1781,0.130109,0.016958
1782,0.129672,0.014128
1783,0.084541,0.000867
1784,0.101818,0.010383
1785,0.101415,0.008122
1786,0.094924,0.001748
1787,0.138203,0.015723
1788,0.126495,0.017464
1789,0.120017,0.013539
1790,0.123374,0.009745
1791,0.121793,0.0153
1792,0.130643,0.022888
1793,0.133008,0.020849
1794,0.139091,0.027646
1795,0.098502,0.005216
1796,0.114517,0.01331
1797,0.143814,0.030635
1798,0.141608,0.025337
1799,0.104113,0.011278
1800,0.097677,0.009349
1801,0.128215,0.026765
1802,0.116265,0.018213
1803,0.100979,0.008989
1804,0.115017,0.011611
1805,0.103531,0.009405
1806,0.120988,0.017991
1807,0.100701,0.009023
1808,0.113914,0.014843
1809,0.09149,0.005063
1810,0.137919,0.022021
1811,0.130317,0.013553
1812,0.10831,0.009502
1813,0.093731,0.005028
1814,0.108268,0.010029
1815,0.168575,0.034117
1816,0.141678,0.020828
1817,0.25383,0.009842
1818,0.130352,0.009225
1819,0.28466,0.017894
1820,0.195312,0.022007
1821,0.145541,0.018741
1822,0.128625,0.018005
1823,0.122278,0.014711
1824,0.13676,0.024629
1825,0.133937,0.016625
1826,0.129901,0.018664
1827,0.110127,0.009724
1828,0.128222,0.015106
1829,0.106902,0.005271
1830,0.124838,0.01383
1831,0.125108,0.010272
1832,0.11236,0.005105
1833,0.123298,0.014725
1834,0.133188,0.018428
1835,0.123367,0.009384
1836,0.138252,0.020419
1837,0.189937,0.038313
1838,0.160245,0.018914
1839,0.148302,0.023429
1840,1.835438,0.06012
1841,2.204735,0.060674
1842,1.142224,0.0591
1843,0.869591,0.03882
1844,0.657501,0.035636
1845,0.713265,0.026134
1846,0.732588,0.027487
1847,0.739573,0.022978
1848,0.947848,0.037127
1849,0.103947,0.005181
1850,0.101686,0.009232
1851,0.325657,0.018394
1852,0.717115,0.032806
1853,0.594545,0.033562
1854,0.350078,0.030358
1855,0.41447,0.049515
1856,0.382989,0.036198
1857,0.351465,0.019087
1858,0.504046,0.040346
1859,0.574334,0.019226
1860,0.369152,0.031655
1861,0.364248,0.030892
1862,0.344564,0.016597
1863,0.386894,0.041261
1864,0.179679,0.00602
1865,0.090526,0.004543
1866,0.149092,0.039992
1867,0.140492,0.03083
1868,0.102393,0.009599
1869,0.411953,0.027625
1870,0.41662,0.033236
1871,0.447304,0.028146
1872,0.422911,0.026439
1873,0.431914,0.037134
1874,0.435486,0.032161
1875,0.394377,0.016882
1876,0.139687,0.024525
1877,0.140922,0.026772
1878,0.131864,0.017679
1879,0.141962,0.028139
1880,0.395286,0.031593
1881,0.659388,0.024192
1882,0.424694,0.044791
1883,0.420997,0.041913
1884,0.431179,0.042087
1885,0.473029,0.031683
1886,0.11913,0.011132
1887,0.135637,0.017541
1888,0.168055,0.039499
1889,0.139923,0.024643
1890,0.099071,0.004508
1891,0.16356,0.037162
1892,0.167708,0.040325
1893,0.138799,0.026627
1894,0.116806,0.013317
1895,0.136746,0.022174
1896,0.171564,0.037703
1897,0.139382,0.019795
1898,0.123617,0.013719
1899,0.156597,0.030601
1900,0.129395,0.02207
1901,0.080719,0.000194
1902,0.137544,0.030316
1903,0.120898,0.022049
1904,0.112027,0.017721
1905,0.091178,0.005077
1906,0.114129,0.017672
1907,0.116647,0.017319
1908,0.126454,0.014642
1909,0.151471,0.028014
1910,0.121196,0.009329
1911,0.097767,0.00016
1912,0.1359,0.022215
1913,0.146658,0.02447
1914,0.136316,0.018019
1915,0.157686,0.03531
1916,0.140041,0.014947
1917,0.122549,0.01057
1918,0.1206,0.010092
1919,0.163872,0.030629
1920,0.112312,0.005576
1921,0.132994,0.0158
1922,0.149182,0.025787
1923,0.103004,0.002497
1924,0.151284,0.022701
1925,0.125136,0.014156
1926,0.159579,0.031107
1927,0.177044,0.036566
1928,0.123,0.004779
1929,0.136344,0.012484
1930,0.16012,0.02517
1931,0.119518,0.009211
1932,0.145111,0.022923
1933,0.138023,0.018699
1934,0.10908,0.004917
1935,0.148947,0.030094
1936,0.195916,0.050597
1937,0.158324,0.036808
1938,0.109926,0.009995
1939,0.133071,0.02293
1940,0.134014,0.019892
1941,0.15849,0.028173
1942,0.17069,0.032945
1943,0.133431,0.015633
1944,0.11578,0.005611
1945,0.110141,0.005306
1946,0.16888,0.03212
1947,0.120517,0.014191
1948,0.137038,0.014101
1949,0.140284,0.017624
1950,0.12662,0.013677
1951,0.149016,0.026363
1952,0.169262,0.033555
1953,0.146734,0.023249
1954,0.134035,0.013594
1955,0.159205,0.026738
1956,0.145825,0.019996
1957,0.165925,0.025267
1958,0.138432,0.014218
1959,0.133244,0.014066
1960,0.167736,0.030795
1961,0.142566,0.018428
1962,0.185228,0.032688
1963,0.157228,0.019184
1964,0.133722,0.009641
1965,0.11881,0.001672
1966,0.139646,0.014697
1967,0.149855,0.019108
1968,0.190083,0.025718
1969,0.192774,0.033438
1970,0.113671,0.009134
1971,0.117423,0.008913
1972,0.112686,0.008593
1973,0.128007,0.013338
1974,0.11795,0.006374
1975,0.122084,0.010501
1976,0.121072,0.012498
1977,0.114614,0.008996
1978,0.118242,0.008947
1979,0.150889,0.029678
1980,0.152373,0.030448
1981,0.134257,0.018089
1982,0.155022,0.018553
1983,0.131753,0.014094
1984,0.158178,0.022791
1985,0.171793,0.024685
1986,0.154585,0.022555
1987,0.144528,0.019143
1988,0.163019,0.019108
1989,0.157811,0.023741
1990,0.1974,0.034797
1991,0.126856,0.006964
1992,0.160307,0.018949
1993,0.137849,0.014891
1994,0.13296,0.012991
1995,0.137711,0.014198
1996,0.143953,0.023831
1997,0.11605,0.012921
1998,0.136989,0.021418
1999,0.133286,0.017749
2000,0.102393,0.009162
2001,0.13264,0.024372
2002,0.140013,0.03033
2003,0.14432,0.034381
2004,0.125074,0.021439
2005,0.162534,0.042752
2006,0.125809,0.021022
2007,0.156666,0.035081
2008,0.162582,0.039069
2009,0.147185,0.034589
2010,0.203053,0.058032
2011,0.191331,0.054633
2012,0.186733,0.052102
2013,0.150431,0.034797
2014,0.114614,0.012672
2015,0.129117,0.014752
2016,0.097386,0.004813
2017,0.101762,0.004737
2018,0.103115,0.005861
2019,0.092045,0.000146
2020,0.089458,0.000208
2021,0.109045,0.007033
2022,0.101173,0.004397
2023,0.135165,0.01994
2024,0.103129,0.004404
2025,0.100056,0.000146
2026,0.092808,0.00018
2027,0.11286,0.008989
2028,0.128264,0.015252
2029,0.093127,0.001949
2030,0.098204,0.001332
2031,0.104849,0.004897
2032,0.088702,0.000243
2033,0.10102,0.004869
2034,0.13676,0.019379
2035,0.119643,0.015051
2036,0.109412,0.009329
2037,0.11415,0.012686
2038,0.095243,0.00016
2039,0.130705,0.017575
2040,0.119913,0.01607
2041,0.100514,0.005951
2042,0.097393,0.004696
2043,0.120101,0.01392
2044,0.124609,0.013553
2045,0.143238,0.023353
2046,0.107359,0.004682
2047,0.110966,0.004286
2048,0.13117,0.015141
2049,0.106423,0.000208
2050,0.135387,0.018151
2051,0.140582,0.019753
2052,0.15188,0.013511
2053,0.13891,0.01743
2054,0.11236,0.004404
2055,0.130983,0.011375
2056,0.114295,0.002192
2057,0.14147,0.017638
2058,0.110162,0.004349
2059,0.140693,0.018061
2060,0.124075,0.013261
2061,0.127439,0.013608
2062,0.14525,0.019483
2063,0.136746,0.026862
2064,0.101797,0.004605
2065,0.111826,0.01281
2066,0.107887,0.008704
2067,0.125871,0.015536
2068,0.12017,0.014628
2069,0.113283,0.013345
2070,0.16397,0.038841
2071,0.09629,0.00027
2072,0.113713,0.006568
2073,0.117264,0.017534
2074,0.128396,0.022319
2075,0.105293,0.006762
2076,0.119768,0.017971
2077,0.133376,0.022354
2078,0.129831,0.019469
2079,0.120794,0.013747
2080,0.105417,0.008649
2081,0.122743,0.017048
2082,0.116598,0.009592
2083,0.108545,0.008913
2084,0.113206,0.010695
2085,0.103364,0.009336
2086,0.107332,0.008711
2087,0.115239,0.008864
2088,0.111022,0.006693
2089,0.113969,0.011243
2090,0.122861,0.018331
2091,0.10403,0.008885
2092,0.104211,0.001325
2093,0.107394,0.009807
2094,0.09878,0.004605
2095,0.128854,0.018061
2096,0.115911,0.013747
2097,0.099487,0.000173
2098,0.109003,0.008656
2099,0.116196,0.01315
2100,0.139264,0.020218
2101,0.122077,0.011437
2102,0.114538,0.008642
2103,0.130886,0.017624
2104,0.111986,0.009162
2105,0.134388,0.022756
2106,0.130761,0.016507
2107,0.114809,0.004994
2108,0.119899,0.006499
2109,0.130324,0.017423
2110,0.130685,0.018068
2111,0.125705,0.010522
2112,0.122882,0.00437
2113,0.111438,0.004245
2114,0.101242,0.008926
2115,0.124859,0.019316
2116,0.119206,0.017915
2117,0.147122,0.023797
2118,0.123381,0.014426
2119,0.14226,0.027112
2120,0.126398,0.018657
2121,0.128202,0.020918
2122,0.166425,0.033389
2123,0.114448,0.014184
2124,0.15231,0.018283
2125,0.113865,0.017763
2126,0.095076,0.00446
2127,0.128077,0.023159
2128,0.11793,0.017353
2129,0.137912,0.027279
2130,0.09201,0.005022
2131,0.142108,0.026613
2132,0.111202,0.013781
2133,0.126266,0.020731
2134,0.112,0.011597
2135,0.112547,0.014149
2136,0.109329,0.013019
2137,0.116889,0.014489
2138,0.117229,0.017707
2139,0.125323,0.020585
2140,0.123333,0.021896
2141,0.112811,0.01143
2142,,
2143,,
2144,,
2145,,
2146,,
2147,,
2148,,
2149,,
2150,,
2151,,
2152,,
2153,,
2154,,
2155,,
2156,,
2157,,
2158,,
2159,,
2160,,
2161,,
2162,,
2163,,
2164,,
2165,,
2166,,
2167,,
2168,,
2169,,
2170,,
2171,,
2172,,
2173,,
2174,,
2175,,
2176,,
2177,,
2178,,
2179,,
2180,,
2181,,
2182,,
2183,,
2184,,
2185,,
2186,,
2187,,
2188,,
2189,,
2190,,
2191,,
2192,,
2193,,
2194,,
2195,,
2196,,
2197,,
2198,,
2199,,
2200,,
2201,,
2202,,
2203,,
2204,,
2205,,
2206,,
2207,,
2208,,
2209,,
2210,,
2211,,
2212,,
2213,,
2214,,
2215,,
2216,,
2217,,
2218,,
2219,,
2220,,
2221,,
2222,,
2223,,
2224,,
2225,,
2226,,
2227,,
2228,,
2229,,
2230,,
2231,,
2232,,
2233,,
2234,,
2235,,
2236,,
2237,,
2238,,
2239,,
2240,,
2241,,
2242,,
2243,,
2244,,
2245,,
2246,,
2247,,
2248,,
2249,,
2250,,
2251,,
2252,,
2253,,
2254,,
2255,,
2256,,
2257,,
2258,,
2259,,
2260,,
2261,,
2262,,
2263,,
2264,,
2265,,
2266,,
2267,,
2268,,
2269,,
2270,,
2271,,
2272,,
2273,,
2274,,
2275,,
2276,,
2277,,
2278,,
2279,,
2280,,
2281,,
2282,,
2283,,
2284,,
2285,,
2286,,
2287,,
2288,,
2289,,
2290,,
2291,,
2292,,
2293,,
2294,,
2295,,
2296,,
2297,,
2298,,
2299,,
2300,,
2301,,
2302,,
2303,,
2304,,
2305,,
2306,,
2307,,
2308,,
2309,,
2310,,
2311,,
2312,,
2313,,
2314,,
2315,,
2316,,
2317,,
2318,,
2319,,
2320,,
2321,,
2322,,
2323,,
2324,,
2325,,
2326,,
2327,,
2328,,
2329,,
2330,,
2331,,
2332,,
2333,,
2334,,
2335,,
2336,,
2337,,
2338,,
2339,,
2340,,
2341,,
2342,,
2343,,
2344,,
2345,,
2346,,
2347,,
2348,,
2349,,
2350,,
2351,,
2352,,
2353,,
2354,,
2355,,
2356,,
2357,,
2358,,
2359,,
2360,,
2361,,
2362,,
2363,,
2364,,
2365,,
2366,,
2367,,
2368,,
2369,,
2370,,
2371,,
2372,,
2373,,
2374,,
2375,,
2376,,
2377,,
2378,,
2379,,
2380,,
2381,,
2382,,
2383,,
2384,,
2385,,
2386,,
2387,,
2388,,
2389,,
2390,,
2391,,
2392,,
2393,,
2394,,
2395,,
2396,,
2397,,
2398,,
2399,,
2400,,
2401,,
2402,,
2403,,
2404,,
2405,,
2406,,
2407,,
2408,,
2409,,
2410,,
2411,,
2412,,
2413,,
2414,,
2415,,
2416,,
2417,,
2418,,
2419,,
2420,,
2421,,
2422,,
2423,,
2424,,
2425,,
2426,,
2427,,
2428,,
2429,,
2430,,
2431,,
2432,,
2433,,
2434,,
2435,,
2436,,
2437,,
2438,,
2439,,
2440,,
2441,,
2442,,
2443,,
2444,,
2445,,
2446,,
2447,,
2448,,
2449,,
2450,,
2451,,
2452,,
2453,,
2454,,
2455,,
2456,,
2457,,
2458,,
2459,,
2460,,
2461,,
2462,,
2463,,
2464,,
2465,,
2466,,
2467,,
2468,,
2469,,
2470,,
2471,,
2472,,
2473,,
2474,,
2475,,
2476,,
2477,,
2478,,
2479,,
2480,,
2481,,
2482,,
2483,,
2484,,
2485,,
2486,,
2487,,
2488,,
2489,,
2490,,
2491,,
2492,,
2493,,
2494,,
2495,,
2496,,
2497,,
2498,,
2499,,
2500,,
2501,,
2502,,
2503,,
2504,,
2505,,
2506,,
2507,,
2508,,
2509,,
2510,,
2511,,
2512,,
2513,,
2514,,
2515,,
2516,,
2517,,
2518,,
2519,,
2520,,
2521,,
2522,,
2523,,
2524,,
2525,,
2526,,
2527,,
2528,,
2529,,
2530,,
2531,,
2532,,
2533,,
2534,,
2535,,
2536,,
2537,,
2538,,
2539,,
2540,,
2541,,
2542,,
2543,,
2544,,
2545,,
2546,,
2547,,
2548,,
2549,,
2550,,
2551,,
2552,,
2553,,
2554,,
2555,,
2556,,
2557,,
2558,,
2559,,
2560,,
2561,,
2562,,
2563,,
2564,,
2565,,
2566,,
2567,,
2568,,
2569,,
2570,,
2571,,
2572,,
2573,,
2574,,
2575,,
2576,,
2577,,
2578,,
2579,,
2580,,
2581,,
2582,,
2583,,
2584,,
2585,,
2586,,
2587,,
2588,,
2589,,
2590,,
2591,,
2592,,
2593,,
2594,,
2595,,
2596,,
2597,,
2598,,
2599,,
2600,,
2601,,
2602,,
2603,,
2604,,
2605,,
2606,,
2607,,
2608,,
2609,,
2610,,
2611,,
2612,,
2613,,
2614,,
2615,,
2616,,
2617,,
2618,,
2619,,
2620,,
2621,,
2622,,
2623,,
2624,,
2625,,
2626,,
2627,,
2628,,
2629,,
2630,,
2631,,
2632,,
2633,,
2634,,
2635,,
2636,,
2637,,
2638,,
2639,,
2640,,
2641,,
2642,,
2643,,
2644,,
2645,,
2646,,
2647,,
2648,,
2649,,
2650,,
2651,,
2652,,
2653,,
2654,,
2655,,
2656,,
2657,,
2658,,
2659,,
2660,,
2661,,
2662,,
2663,,
2664,,
2665,,
2666,,
2667,,
2668,,
2669,,
2670,,
2671,,
2672,,
2673,,
2674,,
2675,,
2676,,
2677,,
2678,,
2679,,
2680,,
2681,,
2682,,
2683,,
2684,,
2685,,
2686,,
2687,,
2688,,
2689,,
2690,,
2691,,
2692,,
2693,,
2694,,
2695,,
2696,,
2697,,
2698,,
2699,,
2700,,
2701,,
2702,,
2703,,
2704,,
2705,,
2706,,
2707,,
2708,,
2709,,
2710,,
2711,,
2712,,
2713,,
2714,,
2715,,
2716,,
2717,,
2718,,
2719,,
2720,,
2721,,
2722,,
2723,,
2724,,
2725,,
2726,,
2727,,
2728,,
2729,,
2730,,
2731,,
2732,,
2733,,
2734,,
2735,,
2736,,
2737,,
2738,,
2739,,
2740,,
2741,,
2742,,
2743,,
2744,,
2745,,
2746,,
2747,,
2748,,
2749,,
2750,,
2751,,
2752,,
2753,,
2754,,
2755,,
2756,,
2757,,
2758,,
2759,,
2760,,
2761,,
2762,,
2763,,
2764,,
2765,,
2766,,
2767,,
2768,,
2769,,
2770,,
2771,,
2772,,
2773,,
2774,,
2775,,
2776,,
2777,,
2778,,
2779,,
2780,,
2781,,
2782,,
2783,,
2784,,
2785,,
2786,,
2787,,
2788,,
2789,,
2790,,
2791,,
2792,,
2793,,
2794,,
2795,,
2796,,
2797,,
2798,,
2799,,
2800,,
2801,,
2802,,
2803,,
2804,,
2805,,
2806,,
2807,,
2808,,
2809,,
2810,,
2811,,
2812,,
2813,,
2814,,
2815,,
2816,,
2817,,
2818,,
2819,,
2820,,
2821,,
2822,,
2823,,
2824,,
2825,,
2826,,
2827,,
2828,,
2829,,
2830,,
2831,,
2832,,
2833,,
2834,,
2835,,
2836,,
2837,,
2838,,
2839,,
2840,,
2841,,
2842,,
2843,,
2844,,
2845,,
2846,,
2847,,
2848,,
2849,,
2850,,
2851,,
2852,,
2853,,
2854,,
2855,,
2856,,
2857,,
2858,,
2859,,
2860,,
2861,,
2862,,
2863,,
2864,,
2865,,
2866,,
2867,,
2868,,
2869,,
2870,,
2871,,
2872,,
2873,,
2874,,
2875,,
2876,,
2877,,
2878,,
2879,,
2880,,
2881,,
2882,,
2883,,
2884,,
2885,,
2886,,
2887,,
2888,,
2889,,
2890,,
2891,,
2892,,
2893,,
2894,,
2895,,
2896,,
2897,,
2898,,
2899,,
2900,,
2901,,
2902,,
2903,,
2904,,
2905,,
2906,,
2907,,
2908,,
2909,,
2910,,
2911,,
2912,,
2913,,
2914,,
2915,,
2916,,
2917,,
2918,,
2919,,
2920,,
2921,,
2922,,
2923,,
2924,,
2925,,
2926,,
2927,,
2928,,
2929,,
2930,,
2931,,
2932,,
2933,,
2934,,
2935,,
2936,,
2937,,
2938,,
2939,,
2940,,
2941,,
2942,,
2943,,
2944,,
2945,,
2946,,
2947,,
2948,,
2949,,
2950,,
2951,,
2952,,
2953,,
2954,,
2955,,
2956,,
2957,,
2958,,
2959,,
2960,,
2961,,
2962,,
2963,,
2964,,
2965,,
2966,,
2967,,
2968,,
2969,,
2970,,
2971,,
2972,,
2973,,
2974,,
2975,,
2976,,
2977,,
2978,,
2979,,
2980,,
2981,,
2982,,
2983,,
2984,,
2985,,
2986,,
2987,,
2988,,
2989,,
2990,,
2991,,
2992,,
2993,,
2994,,
2995,,
2996,,
2997,,
2998,,
2999,,
3000,,
3001,,
3002,,
3003,,
3004,,
3005,,
3006,,
3007,,
3008,,
3009,,
3010,,
3011,,
3012,,
3013,,
3014,,
3015,,
3016,,
3017,,
3018,,
3019,,
3020,,
3021,,
3022,,
3023,,
3024,,
3025,,
3026,,
3027,,
3028,,
3029,,
3030,,
3031,,
3032,,
3033,,
3034,,
3035,,
3036,,
3037,,
3038,,
3039,,
3040,,
3041,,
3042,,
3043,,
3044,,
3045,,
3046,,
3047,,
3048,,
3049,,
3050,,
3051,,
3052,,
3053,,
3054,,
3055,,
3056,,
3057,,
3058,,
3059,,
3060,,
3061,,
3062,,
3063,,
3064,,
3065,,
3066,,
3067,,
3068,,
3069,,
3070,,
3071,,
3072,,
3073,,
3074,,
3075,,
3076,,
3077,,
3078,,
3079,,
3080,,
3081,,
3082,,
3083,,
3084,,
3085,,
3086,,
3087,,
3088,,
3089,,
3090,,
3091,,
3092,,
3093,,
3094,,
3095,,
3096,,
3097,,
3098,,
3099,,
3100,,
3101,,
3102,,
3103,,
3104,,
3105,,
3106,,
3107,,
3108,,
3109,,
3110,,
3111,,
3112,,
3113,,
3114,,
3115,,
3116,,
3117,,
3118,,
3119,,
3120,,
3121,,
3122,,
3123,,
3124,,
3125,,
3126,,
3127,,
3128,,
3129,,
3130,,
3131,,
3132,,
3133,,
3134,,
3135,,
3136,,
3137,,
3138,,
3139,,
3140,,
3141,,
3142,,
3143,,
3144,,
3145,,
3146,,
3147,,
3148,,
3149,,
3150,,
3151,,
3152,,
3153,,
3154,,
3155,,
3156,,
3157,,
3158,,
3159,,
3160,,
3161,,
3162,,
3163,,
3164,,
3165,,
3166,,
3167,,
3168,,
3169,,
3170,,
3171,,
3172,,
3173,,
3174,,
3175,,
3176,,
3177,,
3178,,
3179,,
3180,,
3181,,
3182,,
3183,,
3184,,
3185,,
3186,,
3187,,
3188,,
3189,,
3190,,
3191,,
3192,,
3193,,
3194,,
3195,,
3196,,
3197,,
3198,,
3199,,
3200,,
3201,,
3202,,
3203,,
3204,,
3205,,
3206,,
3207,,
3208,,
3209,,
3210,,
3211,,
3212,,
3213,,
3214,,
3215,,
3216,,
3217,,
3218,,
3219,,
3220,,
3221,,
3222,,
3223,,
3224,,
3225,,
3226,,
3227,,
3228,,
3229,,
3230,,
3231,,
3232,,
3233,,
3234,,
3235,,
3236,,
3237,,
3238,,
3239,,
3240,,
3241,,
3242,,
3243,,
3244,,
3245,,
3246,,
3247,,
3248,,
3249,,
3250,,
3251,,
3252,,
3253,,
3254,,
3255,,
3256,,
3257,,
3258,,
3259,,
3260,,
3261,,
3262,,
3263,,
3264,,
3265,,
3266,,
3267,,
3268,,
3269,,
3270,,
3271,,
3272,,
3273,,
3274,,
3275,,
3276,,
3277,,
3278,,
3279,,
3280,,
3281,,
3282,,
3283,,
3284,,
3285,,
3286,,
3287,,
3288,,
3289,,
3290,,
3291,,
3292,,
3293,,
3294,,
3295,,
3296,,
3297,,
3298,,
3299,,
3300,,
3301,,
3302,,
3303,,
3304,,
3305,,
3306,,
3307,,
3308,,
3309,,
3310,,
3311,,
3312,,
3313,,
3314,,
3315,,
3316,,
3317,,
3318,,
3319,,
3320,,
3321,,
3322,,
3323,,
3324,,
3325,,
3326,,
3327,,
3328,,
3329,,
3330,,
3331,,
3332,,
3333,,
3334,,
3335,,
3336,,
3337,,
3338,,
3339,,
3340,,
3341,,
3342,,
3343,,
3344,,
3345,,
3346,,
3347,,
3348,,
3349,,
3350,,
3351,,
3352,,
3353,,
3354,,
3355,,
3356,,
3357,,
3358,,
3359,,
3360,,
3361,,
3362,,
3363,,
3364,,
3365,,
3366,,
3367,,
3368,,
3369,,
3370,,
3371,,
3372,,
3373,,
3374,,
3375,,
3376,,
3377,,
3378,,
3379,,
3380,,
3381,,
3382,,
3383,,
3384,,
3385,,
3386,,
3387,,
3388,,
3389,,
3390,,
3391,,
3392,,
3393,,
3394,,
3395,,
3396,,
3397,,
3398,,
3399,,
3400,,
3401,,
3402,,
3403,,
3404,,
3405,,
3406,,
3407,,
3408,,
3409,,
3410,,
3411,,
3412,,
3413,,
3414,,
3415,,
3416,,
3417,,
3418,,
3419,,
3420,,
3421,,
3422,,
3423,,
3424,,
3425,,
3426,,
3427,,
3428,,
3429,,
3430,,
3431,,
3432,,
3433,,
3434,,
3435,,
3436,,
3437,,
3438,,
3439,,
3440,,
3441,,
3442,,
3443,,
3444,,
3445,,
3446,,
3447,,
3448,,
3449,,
3450,,
3451,,
3452,,
3453,,
3454,,
3455,,
3456,,
3457,,
3458,,
3459,,
3460,,
3461,,
3462,,
3463,,
3464,,
3465,,
3466,,
3467,,
3468,,
3469,,
3470,,
3471,,
3472,,
3473,,
3474,,
3475,,
3476,,
3477,,
3478,,
3479,,
3480,,
3481,,
3482,,
3483,,
3484,,
3485,,
3486,,
3487,,
3488,,
3489,,
3490,,
3491,,
3492,,
3493,,
3494,,
3495,,
3496,,
3497,,
3498,,
3499,,
3500,,
3501,,
3502,,
3503,,
3504,,
3505,,
3506,,
3507,,
3508,,
3509,,
3510,,
3511,,
3512,,
3513,,
3514,,
3515,,
3516,,
3517,,
3518,,
3519,,
3520,,
3521,,
3522,,
3523,,
3524,,
3525,,
3526,,
3527,,
3528,,
3529,,
3530,,
3531,,
3532,,
3533,,
3534,,
3535,,
3536,,
3537,,
3538,,
3539,,
3540,,
3541,,
3542,,
3543,,
3544,,
3545,,
3546,,
3547,,
3548,,
3549,,
3550,,
3551,,
3552,,
3553,,
3554,,
3555,,
3556,,
3557,,
3558,,
3559,,
3560,,
3561,,
3562,,
3563,,
3564,,
3565,,
3566,,
3567,,
3568,,
3569,,
3570,,
3571,,
3572,,
3573,,
3574,,
3575,,
3576,,
3577,,
3578,,
3579,,
3580,,
3581,,
3582,,
3583,,
3584,,
3585,,
3586,,
3587,,
3588,,
3589,,
3590,,
3591,,
3592,,
3593,,
3594,,
3595,,
3596,,
3597,,
3598,,
3599,,
3600,,
3601,,
3602,,
3603,,
3604,,
3605,,
3606,,
3607,,
3608,,
3609,,
3610,,
3611,,
3612,,
3613,,
3614,,
3615,,
3616,,
3617,,
3618,,
3619,,
3620,,
3621,,
3622,,
3623,,
3624,,
3625,,
3626,,
3627,,
3628,,
3629,,
3630,,
3631,,
3632,,
3633,,
3634,,
3635,,
3636,,
3637,,
3638,,
3639,,
3640,,
3641,,
3642,,
3643,,
3644,,
3645,,
3646,,
3647,,
3648,,
3649,,
3650,,
3651,,
3652,,
3653,,
3654,,
3655,,
3656,,
3657,,
3658,,
3659,,
3660,,
3661,,
3662,,
3663,,
3664,,
3665,,
3666,,
3667,,
3668,,
3669,,
3670,,
3671,,
3672,,
3673,,
3674,,
3675,,
3676,,
3677,,
3678,,
3679,,
3680,,
3681,,
3682,,
3683,,
3684,,
3685,,
3686,,
3687,,
3688,,
3689,,
3690,,
3691,,
3692,,
3693,,
3694,,
3695,,
3696,,
3697,,
3698,,
3699,,
3700,,
3701,,
3702,,
3703,,
3704,,
3705,,
3706,,
3707,,
3708,,
3709,,
3710,,
3711,,
3712,,
3713,,
3714,,
3715,,
3716,,
3717,,
3718,,
3719,,
3720,,
3721,,
3722,,
3723,,
3724,,
3725,,
3726,,
3727,,
3728,,
3729,,
3730,,
3731,,
3732,,
3733,,
3734,,
3735,,
3736,,
3737,,
3738,,
3739,,
3740,,
3741,,
3742,,
3743,,
3744,,
3745,,
3746,,
3747,,
3748,,
3749,,
3750,,
3751,,
3752,,
3753,,
3754,,
3755,,
3756,,
3757,,
3758,,
3759,,
3760,,
3761,,
3762,,
3763,,
3764,,
3765,,
3766,,
3767,,
3768,,
3769,,
3770,,
3771,,
3772,,
3773,,
3774,,
3775,,
3776,,
3777,,
3778,,
3779,,
3780,,
3781,,
3782,,
3783,,
3784,,
3785,,
3786,,
3787,,
3788,,
3789,,
3790,,
3791,,
3792,,
3793,,
3794,,
3795,,
3796,,
3797,,
3798,,
3799,,
3800,,
3801,,
3802,,
3803,,
3804,,
3805,,
3806,,
3807,,
3808,,
3809,,
3810,,
3811,,
3812,,
3813,,
3814,,
3815,,
3816,,
3817,,
3818,,
3819,,
3820,,
3821,,
3822,,
3823,,
3824,,
3825,,
3826,,
3827,,
3828,,
3829,,
3830,,
3831,,
3832,,
3833,,
3834,,
3835,,
3836,,
3837,,
3838,,
3839,,
3840,,
3841,,
3842,,
3843,,
3844,,
3845,,
3846,,
3847,,
3848,,
3849,,
3850,,
3851,,
3852,,
3853,,
3854,,
3855,,
3856,,
3857,,
3858,,
3859,,
3860,,
3861,,
3862,,
3863,,
3864,,
3865,,
3866,,
3867,,
3868,,
3869,,
3870,,
3871,,
3872,,
3873,,
3874,,
3875,,
3876,,
3877,,
3878,,
3879,,
3880,,
3881,,
3882,,
3883,,
3884,,
3885,,
3886,,
3887,,
3888,,
3889,,
3890,,
3891,,
3892,,
3893,,
3894,,
3895,,
3896,,
3897,,
3898,,
3899,,
3900,,
3901,,
3902,,
3903,,
3904,,
3905,,
3906,,
3907,,
3908,,
3909,,
3910,,
3911,,
3912,,
3913,,
3914,,
3915,,
3916,,
3917,,
3918,,
3919,,
3920,,
3921,,
3922,,
3923,,
3924,,
3925,,
3926,,
3927,,
3928,,
3929,,
3930,,
3931,,
3932,,
3933,,
3934,,
3935,,
3936,,
3937,,
3938,,
3939,,
3940,,
3941,,
3942,,
3943,,
3944,,
3945,,
3946,,
3947,,
3948,,
3949,,
3950,,
3951,,
3952,,
3953,,
3954,,
3955,,
3956,,
3957,,
3958,,
3959,,
3960,,
3961,,
3962,,
3963,,
3964,,
3965,,
3966,,
3967,,
3968,,
3969,,
3970,,
3971,,
3972,,
3973,,
3974,,
3975,,
3976,,
3977,,
3978,,
3979,,
3980,,
3981,,
3982,,
3983,,
3984,,
3985,,
3986,,
3987,,
3988,,
3989,,
3990,,
3991,,
3992,,
3993,,
3994,,
3995,,
3996,,
3997,,
3998,,
3999,,
4000,,
4001,,
4002,,
4003,,
4004,,
4005,,
4006,,
4007,,
4008,,
4009,,
4010,,
4011,,
4012,,
4013,,
4014,,
4015,,
4016,,
4017,,
4018,,
4019,,
4020,,
4021,,
4022,,
4023,,
4024,,
4025,,
4026,,
4027,,
4028,,
4029,,
4030,,
4031,,
4032,,
4033,,
4034,,
4035,,
4036,,
4037,,
4038,,
4039,,
4040,,
4041,,
4042,,
4043,,
4044,,
4045,,
4046,,
4047,,
4048,,
4049,,
4050,,
4051,,
4052,,
4053,,
4054,,
4055,,
4056,,
4057,,
4058,,
4059,,
4060,,
4061,,
4062,,
4063,,
4064,,
4065,,
4066,,
4067,,
4068,,
4069,,
4070,,
4071,,
4072,,
4073,,
4074,,
4075,,
4076,,
4077,,
4078,,
4079,,
4080,,
4081,,
4082,,
4083,,
4084,,
4085,,
4086,,
4087,,
4088,,
4089,,
4090,,
4091,,
4092,,
4093,,
4094,,
4095,,
4096,,
4097,,
4098,,
4099,,
4100,,
4101,,
4102,,
4103,,
4104,,
4105,,
4106,,
4107,,
4108,,
4109,,
4110,,
4111,,
4112,,
4113,,
4114,,
4115,,
4116,,
4117,,
4118,,
4119,,
4120,,
4121,,
4122,,
4123,,
4124,,
4125,,
4126,,
4127,,
4128,,
4129,,
4130,,
4131,,
4132,,
4133,,
4134,,
4135,,
4136,,
4137,,
4138,,
4139,,
4140,,
4141,,
4142,,
4143,,
4144,,
4145,,
4146,,
4147,,
4148,,
4149,,
4150,,
4151,,
4152,,
4153,,
4154,,
4155,,
4156,,
4157,,
4158,,
4159,,
4160,,
4161,,
4162,,
4163,,
4164,,
4165,,
4166,,
4167,,
4168,,
4169,,
4170,,
4171,,
4172,,
4173,,
4174,,
4175,,
4176,,
4177,,
4178,,
4179,,
4180,,
4181,,
4182,,
4183,,
4184,,
4185,,
4186,,
4187,,
4188,,
4189,,
4190,,
4191,,
4192,,
4193,,
4194,,
4195,,
4196,,
4197,,
4198,,
4199,,
4200,,
4201,,
4202,,
4203,,
4204,,
4205,,
4206,,
4207,,
4208,,
4209,,
4210,,
4211,,
4212,,
4213,,
4214,,
4215,,
4216,,
4217,,
4218,,
4219,,
4220,,
4221,,
4222,,
4223,,
4224,,
4225,,
4226,,
4227,,
4228,,
4229,,
4230,,
4231,,
4232,,
4233,,
4234,,
4235,,
4236,,
4237,,
4238,,
4239,,
4240,,
4241,,
4242,,
4243,,
4244,,
4245,,
4246,,
4247,,
4248,,
4249,,
4250,,
4251,,
4252,,
4253,,
4254,,
4255,,
4256,,
4257,,
4258,,
4259,,
4260,,
4261,,
4262,,
4263,,
4264,,
4265,,
4266,,
4267,,
4268,,
4269,,
4270,,
4271,,
4272,,
4273,,
4274,,
4275,,
4276,,
4277,,
4278,,
4279,,
4280,,
4281,,
4282,,
4283,,
4284,,
4285,,
4286,,
4287,,
4288,,
4289,,
4290,,
4291,,
4292,,
4293,,
4294,,
4295,,
4296,,
4297,,
4298,,
4299,,
4300,,
4301,,
4302,,
4303,,
4304,,
4305,,
4306,,
4307,,
4308,,
4309,,
4310,,
4311,,
4312,,
4313,,
4314,,
4315,,
4316,,
4317,,
4318,,
4319,,
4320,,
4321,,
4322,,
4323,,
4324,,
4325,,
4326,,
4327,,
4328,,
4329,,
4330,,
4331,,
4332,,
4333,,
4334,,
4335,,
4336,,
4337,,
4338,,
4339,,
4340,,
4341,,
4342,,
4343,,
4344,,
4345,,
4346,,
4347,,
4348,,
4349,,
4350,,
4351,,
4352,,
4353,,
4354,,
4355,,
4356,,
4357,,
4358,,
4359,,
4360,,
4361,,
4362,,
4363,,
4364,,
4365,,
4366,,
4367,,
4368,,
4369,,
4370,,
4371,,
4372,,
4373,,
4374,,
4375,,
4376,,
4377,,
4378,,
4379,,
4380,,
4381,,
4382,,
4383,,
4384,,
4385,,
4386,,
4387,,
4388,,
4389,,
4390,,
4391,,
4392,,
4393,,
4394,,
4395,,
4396,,
4397,,
4398,,
4399,,
4400,,
4401,,
4402,,
4403,,
4404,,
4405,,
4406,,
4407,,
4408,,
4409,,
4410,,
4411,,
4412,,
4413,,
4414,,
4415,,
4416,,
4417,,
4418,,
4419,,
4420,,
4421,,
4422,,
4423,,
4424,,
4425,,
4426,,
4427,,
4428,,
4429,,
4430,,
4431,,
4432,,
4433,,
4434,,
4435,,
4436,,
4437,,
4438,,
4439,,
4440,,
4441,,
4442,,
4443,,
4444,,
4445,,
4446,,
4447,,
4448,,
4449,,
4450,,
4451,,
4452,,
4453,,
4454,,
4455,,
4456,,
4457,,
4458,,
4459,,
4460,,
4461,,
4462,,
4463,,
4464,,
4465,,
4466,,
4467,,
4468,,
4469,,
4470,,
4471,,
4472,,
4473,,
4474,,
4475,,
4476,,
4477,,
4478,,
4479,,
4480,,
4481,,
4482,,
4483,,
4484,,
4485,,
4486,,
4487,,
4488,,
4489,,
4490,,
4491,,
4492,,
4493,,
4494,,
4495,,
4496,,
4497,,
4498,,
4499,,
4500,,
4501,,
4502,,
4503,,
4504,,
4505,,
4506,,
4507,,
4508,,
4509,,
4510,,
4511,,
4512,,
4513,,
4514,,
4515,,
4516,,
4517,,
4518,,
4519,,
4520,,
4521,,
4522,,
4523,,
4524,,
4525,,
4526,,
4527,,
4528,,
4529,,
4530,,
4531,,
4532,,
4533,,
4534,,
4535,,
4536,,
4537,,
4538,,
4539,,
4540,,
4541,,
4542,,
4543,,
4544,,
4545,,
4546,,
4547,,
4548,,
4549,,
4550,,
4551,,
4552,,
4553,,
4554,,
4555,,
4556,,
4557,,
4558,,
4559,,
4560,,
4561,,
4562,,
4563,,
4564,,
4565,,
4566,,
4567,,
4568,,
4569,,
4570,,
4571,,
4572,,
4573,,
4574,,
4575,,
4576,,
4577,,
4578,,
4579,,
4580,,
4581,,
4582,,
4583,,
4584,,
4585,,
4586,,
4587,,
4588,,
4589,,
4590,,
4591,,
4592,,
4593,,
4594,,
4595,,
4596,,
4597,,
4598,,
4599,,
4600,,
4601,,
4602,,
4603,,
4604,,
4605,,
4606,,
4607,,
4608,,
4609,,
4610,,
4611,,
4612,,
4613,,
4614,,
4615,,
4616,,
4617,,
4618,,
4619,,
4620,,
4621,,
4622,,
4623,,
4624,,
4625,,
4626,,
4627,,
4628,,
4629,,
4630,,
4631,,
4632,,
4633,,
4634,,
4635,,
4636,,
4637,,
4638,,
4639,,
4640,,
4641,,
4642,,
4643,,
4644,,
4645,,
4646,,
4647,,
4648,,
4649,,
4650,,
4651,,
4652,,
4653,,
4654,,
4655,,
4656,,
4657,,
4658,,
4659,,
4660,,
4661,,
4662,,
4663,,
4664,,
4665,,
4666,,
4667,,
4668,,
4669,,
4670,,
4671,,
4672,,
4673,,
4674,,
4675,,
4676,,
4677,,
4678,,
4679,,
4680,,
4681,,
4682,,
4683,,
4684,,
4685,,
4686,,
4687,,
4688,,
4689,,
4690,,
4691,,
4692,,
4693,,
4694,,
4695,,
4696,,
4697,,
4698,,
4699,,
4700,,
4701,,
4702,,
4703,,
4704,,
4705,,
4706,,
4707,,
4708,,
4709,,
4710,,
4711,,
4712,,
4713,,
4714,,
4715,,
4716,,
4717,,
4718,,
4719,,
4720,,
4721,,
4722,,
4723,,
4724,,
4725,,
4726,,
4727,,
4728,,
4729,,
4730,,
4731,,
4732,,
4733,,
4734,,
4735,,
4736,,
4737,,
4738,,
4739,,
4740,,
4741,,
4742,,
4743,,
4744,,
4745,,
4746,,
4747,,
4748,,
4749,,
4750,,
4751,,
4752,,
4753,,
4754,,
4755,,
4756,,
4757,,
4758,,
4759,,
4760,,
4761,,
4762,,
4763,,
4764,,
4765,,
4766,,
4767,,
4768,,
4769,,
4770,,
4771,,
4772,,
4773,,
4774,,
4775,,
4776,,
4777,,
4778,,
4779,,
4780,,
4781,,
4782,,
4783,,
4784,,
4785,,
4786,,
4787,,
4788,,
4789,,
4790,,
4791,,
4792,,
4793,,
4794,,
4795,,
4796,,
4797,,
4798,,
4799,,
4800,,
4801,,
4802,,
4803,,
4804,,
4805,,
4806,,
4807,,
4808,,
4809,,
4810,,
4811,,
4812,,
4813,,
4814,,
4815,,
4816,,
4817,,
4818,,
4819,,
4820,,
4821,,
4822,,
4823,,
4824,,
4825,,
4826,,
4827,,
4828,,
4829,,
4830,,
4831,,
4832,,
4833,,
4834,,
4835,,
4836,,
4837,,
4838,,
4839,,
4840,,
4841,,
4842,,
4843,,
4844,,
4845,,
4846,,
4847,,
4848,,
4849,,
4850,,
4851,,
4852,,
4853,,
4854,,
4855,,
4856,,
4857,,
4858,,
4859,,
4860,,
4861,,
4862,,
4863,,
4864,,
4865,,
4866,,
4867,,
4868,,
4869,,
4870,,
4871,,
4872,,
4873,,
4874,,
4875,,
4876,,
4877,,
4878,,
4879,,
4880,,
4881,,
4882,,
4883,,
4884,,
4885,,
4886,,
4887,,
4888,,
4889,,
4890,,
4891,,
4892,,
4893,,
4894,,
4895,,
4896,,
4897,,
4898,,
4899,,
4900,,
4901,,
4902,,
4903,,
4904,,
4905,,
4906,,
4907,,
4908,,
4909,,
4910,,
4911,,
4912,,
4913,,
4914,,
4915,,
4916,,
4917,,
4918,,
4919,,
4920,,
4921,,
4922,,
4923,,
4924,,
4925,,
4926,,
4927,,
4928,,
4929,,
4930,,
4931,,
4932,,
4933,,
4934,,
4935,,
4936,,
4937,,
4938,,
4939,,
4940,,
4941,,
4942,,
4943,,
4944,,
4945,,
4946,,
4947,,
4948,,
4949,,
4950,,
4951,,
4952,,
4953,,
4954,,
4955,,
4956,,
4957,,
4958,,
4959,,
4960,,
4961,,
4962,,
4963,,
4964,,
4965,,
4966,,
4967,,
4968,,
4969,,
4970,,
4971,,
4972,,
4973,,
4974,,
4975,,
4976,,
4977,,
4978,,
4979,,
4980,,
4981,,
4982,,
4983,,
4984,,
4985,,
4986,,
4987,,
4988,,
4989,,
4990,,
4991,,
4992,,
4993,,
4994,,
4995,,
4996,,
4997,,
4998,,
4999,,
5000,,
5001,,
5002,,
5003,,
5004,,
5005,,
5006,,
5007,,
5008,,
5009,,
5010,,
5011,,
5012,,
5013,,
5014,,
5015,,
5016,,
5017,,
5018,,
5019,,
5020,,
5021,,
5022,,
5023,,
5024,,
5025,,
5026,,
5027,,
5028,,
5029,,
5030,,
5031,,
5032,,
5033,,
5034,,
5035,,
5036,,
5037,,
5038,,
5039,,
5040,,
5041,,
5042,,
5043,,
5044,,
5045,,
5046,,
5047,,
5048,,
5049,,
5050,,
5051,,
5052,,
5053,,
5054,,
5055,,
5056,,
5057,,
5058,,
5059,,
5060,,
5061,,
5062,,
5063,,
5064,,
5065,,
5066,,
5067,,
5068,,
5069,,
5070,,
5071,,
5072,,
5073,,
5074,,
5075,,
5076,,
5077,,
5078,,
5079,,
5080,,
5081,,
5082,,
5083,,
5084,,
5085,,
5086,,
5087,,
5088,,
5089,,
5090,,
5091,,
5092,,
5093,,
5094,,
5095,,
5096,,
5097,,
5098,,
5099,,
5100,,
5101,,
5102,,
5103,,
5104,,
5105,,
5106,,
5107,,
5108,,
5109,,
5110,,
5111,,
5112,,
5113,,
5114,,
5115,,
5116,,
5117,,
5118,,
5119,,
5120,,
5121,,
5122,,
5123,,
5124,,
5125,,
5126,,
5127,,
5128,,
5129,,
5130,,
5131,,
5132,,
5133,,
5134,,
5135,,
5136,,
5137,,
5138,,
5139,,
5140,,
5141,,
5142,,
5143,,
5144,,
5145,,
5146,,
5147,,
5148,,
5149,,
5150,,
5151,,
5152,,
5153,,
5154,,
5155,,
5156,,
5157,,
5158,,
5159,,
5160,,
5161,,
5162,,
5163,,
5164,,
5165,,
5166,,
5167,,
5168,,
5169,,
5170,,
5171,,
5172,,
5173,,
5174,,
5175,,
5176,,
5177,,
5178,,
5179,,
5180,,
5181,,
5182,,
5183,,
5184,,
5185,,
5186,,
5187,,
5188,,
5189,,
5190,,
5191,,
5192,,
5193,,
5194,,
5195,,
5196,,
5197,,
5198,,
5199,,
5200,,
5201,,
5202,,
5203,,
5204,,
5205,,
5206,,
5207,,
5208,,
5209,,
5210,,
5211,,
5212,,
5213,,
5214,,
5215,,
5216,,
5217,,
5218,,
5219,,
5220,,
5221,,
5222,,
5223,,
5224,,
5225,,
5226,,
5227,,
5228,,
5229,,
5230,,
5231,,
5232,,
5233,,
5234,,
5235,,
5236,,
5237,,
5238,,
5239,,
5240,,
5241,,
5242,,
5243,,
5244,,
5245,,
5246,,
5247,,
5248,,
5249,,
5250,,
5251,,
5252,,
5253,,
5254,,
5255,,
5256,,
5257,,
5258,,
5259,,
5260,,
5261,,
5262,,
5263,,
5264,,
5265,,
5266,,
5267,,
5268,,
5269,,
5270,,
5271,,
5272,,
5273,,
5274,,
5275,,
5276,,
5277,,
5278,,
5279,,
5280,,
5281,,
5282,,
5283,,
5284,,
5285,,
5286,,
5287,,
5288,,
5289,,
5290,,
5291,,
5292,,
5293,,
5294,,
5295,,
5296,,
5297,,
5298,,
5299,,
5300,,
5301,,
5302,,
5303,,
5304,,
5305,,
5306,,
5307,,
5308,,
5309,,
5310,,
5311,,
5312,,
5313,,
5314,,
5315,,
5316,,
5317,,
5318,,
5319,,
5320,,
5321,,
5322,,
5323,,
5324,,
5325,,
5326,,
5327,,
5328,,
5329,,
5330,,
5331,,
5332,,
5333,,
5334,,
5335,,
5336,,
5337,,
5338,,
5339,,
5340,,
5341,,
5342,,
5343,,
5344,,
5345,,
5346,,
5347,,
5348,,
5349,,
5350,,
5351,,
5352,,
5353,,
5354,,
5355,,
5356,,
5357,,
5358,,
5359,,
5360,,
5361,,
5362,,
5363,,
5364,,
5365,,
5366,,
5367,,
5368,,
5369,,
5370,,
5371,,
5372,,
5373,,
5374,,
5375,,
5376,,
5377,,
5378,,
5379,,
5380,,
5381,,
5382,,
5383,,
5384,,
5385,,
5386,,
5387,,
5388,,
5389,,
5390,,
5391,,
5392,,
5393,,
5394,,
5395,,
5396,,
5397,,
5398,,
5399,,
5400,,
5401,,
5402,,
5403,,
5404,,
5405,,
5406,,
5407,,
5408,,
5409,,
5410,,
5411,,
5412,,
5413,,
5414,,
5415,,
5416,,
5417,,
5418,,
5419,,
5420,,
5421,,
5422,,
5423,,
5424,,
5425,,
5426,,
5427,,
5428,,
5429,,
5430,,
5431,,
5432,,
5433,,
5434,,
5435,,
5436,,
5437,,
5438,,
5439,,
5440,,
5441,,
5442,,
5443,,
5444,,
5445,,
5446,,
5447,,
5448,,
5449,,
5450,,
5451,,
5452,,
5453,,
5454,,
5455,,
5456,,
5457,,
5458,,
5459,,
5460,,
5461,,
5462,,
5463,,
5464,,
5465,,
5466,,
5467,,
5468,,
5469,,
5470,,
5471,,
5472,,
5473,,
5474,,
5475,,
5476,,
5477,,
5478,,
5479,,
5480,,
5481,,
5482,,
5483,,
5484,,
5485,,
5486,,
5487,,
5488,,
5489,,
5490,,
5491,,
5492,,
5493,,
5494,,
5495,,
5496,,
5497,,
5498,,
5499,,
5500,,
5501,,
5502,,
5503,,
5504,,
5505,,
5506,,
5507,,
5508,,
5509,,
5510,,
5511,,
5512,,
5513,,
5514,,
5515,,
5516,,
5517,,
5518,,
5519,,
5520,,
5521,,
5522,,
5523,,
5524,,
5525,,
